SlNo,State_Code,State,District_Key,District,Confirmed,Active,Recovered,Deceased,Migrated_Other,Delta_Confirmed,Delta_Active,Delta_Recovered,Delta_Deceased,District_Notes,Last_Updated
0,UN,State Unassigned,UN_Unassigned,Unassigned,0,0,0,0,0,0,0,0,0,,
1,AN,Andaman and Nicobar Islands,AN_Nicobars,Nicobars,0,0,0,0,0,0,0,0,0,,
2,AN,Andaman and Nicobar Islands,AN_North and Middle Andaman,North and Middle Andaman,1,0,1,0,0,0,0,0,0,,
3,AN,Andaman and Nicobar Islands,AN_South Andaman,South Andaman,51,19,32,0,0,0,0,0,0,,
0,AP,Andhra Pradesh,AP_Foreign Evacuees,Foreign Evacuees,434,2,432,0,0,0,0,0,0,,
4,AP,Andhra Pradesh,AP_Anantapur,Anantapur,10247,5132,5029,86,0,524,418,103,3,,
5,AP,Andhra Pradesh,AP_Chittoor,Chittoor,7809,3293,4432,84,0,367,56,304,7,,
6,AP,Andhra Pradesh,AP_East Godavari,East Godavari,14696,9708,4859,129,0,1210,667,536,7,,
7,AP,Andhra Pradesh,AP_Guntur,Guntur,10747,5040,5609,98,0,744,69,675,0,,
8,AP,Andhra Pradesh,AP_Krishna,Krishna,5707,1362,4196,149,0,127,-14,136,5,,
9,AP,Andhra Pradesh,AP_Kurnool,Kurnool,12234,5645,6425,164,0,664,272,390,2,,
0,AP,Andhra Pradesh,AP_Other State,Other State,2461,16,2445,0,0,0,-23,23,0,,
10,AP,Andhra Pradesh,AP_Prakasam,Prakasam,3866,1822,1995,49,0,317,67,249,1,,
11,AP,Andhra Pradesh,AP_S.P.S. Nellore,S.P.S. Nellore,4776,2834,1914,28,0,422,422,0,0,,
12,AP,Andhra Pradesh,AP_Srikakulam,Srikakulam,4694,2030,2602,62,0,120,14,104,2,,
13,AP,Andhra Pradesh,AP_Visakhapatnam,Visakhapatnam,7436,5629,1726,81,0,655,564,83,8,,
14,AP,Andhra Pradesh,AP_Vizianagaram,Vizianagaram,3329,2040,1249,40,0,157,-12,165,4,,
15,AP,Andhra Pradesh,AP_West Godavari,West Godavari,8820,5241,3491,88,0,408,73,326,9,,
16,AP,Andhra Pradesh,AP_Y.S.R. Kadapa,Y.S.R. Kadapa,5093,1907,3154,32,0,336,172,163,1,,
17,AR,Arunachal Pradesh,AR_Anjaw,Anjaw,4,4,0,0,0,0,0,0,0,,
18,AR,Arunachal Pradesh,AR_Changlang,Changlang,135,32,103,0,0,0,0,0,0,,
19,AR,Arunachal Pradesh,AR_East Kameng,East Kameng,13,13,0,0,0,0,0,0,0,,
20,AR,Arunachal Pradesh,AR_East Siang,East Siang,52,39,13,0,0,0,0,0,0,,
21,AR,Arunachal Pradesh,AR_Kamle,Kamle,1,1,0,0,0,0,0,0,0,,
22,AR,Arunachal Pradesh,AR_Kra Daadi,Kra Daadi,0,0,0,0,0,0,0,0,0,,
23,AR,Arunachal Pradesh,AR_Kurung Kumey,Kurung Kumey,0,0,0,0,0,0,0,0,0,,
24,AR,Arunachal Pradesh,AR_Lepa Rada,Lepa Rada,11,10,1,0,0,0,0,0,0,,
25,AR,Arunachal Pradesh,AR_Lohit,Lohit,9,5,4,0,0,0,0,0,0,,
26,AR,Arunachal Pradesh,AR_Longding,Longding,8,4,4,0,0,0,0,0,0,,
27,AR,Arunachal Pradesh,AR_Lower Dibang Valley,Lower Dibang Valley,16,7,9,0,0,0,0,0,0,,
28,AR,Arunachal Pradesh,AR_Lower Siang,Lower Siang,18,13,5,0,0,0,0,0,0,,
29,AR,Arunachal Pradesh,AR_Lower Subansiri,Lower Subansiri,26,11,15,0,0,0,0,0,0,,
30,AR,Arunachal Pradesh,AR_Namsai,Namsai,59,36,23,0,0,0,0,0,0,,
31,AR,Arunachal Pradesh,AR_Pakke Kessang,Pakke Kessang,1,0,1,0,0,0,0,0,0,,
32,AR,Arunachal Pradesh,AR_Papum Pare,Papum Pare,685,398,286,1,0,0,0,0,0,Cases from Capital Complex are included in Papum Pare district,
33,AR,Arunachal Pradesh,AR_Shi Yomi,Shi Yomi,0,0,0,0,0,0,0,0,0,,
34,AR,Arunachal Pradesh,AR_Siang,Siang,2,2,0,0,0,0,0,0,0,,
35,AR,Arunachal Pradesh,AR_Tawang,Tawang,15,14,1,0,0,0,0,0,0,,
36,AR,Arunachal Pradesh,AR_Tirap,Tirap,30,24,6,0,0,0,0,0,0,,
37,AR,Arunachal Pradesh,AR_Upper Dibang Valley,Upper Dibang Valley,0,0,0,0,0,0,0,0,0,,
38,AR,Arunachal Pradesh,AR_Upper Siang,Upper Siang,16,15,1,0,0,0,0,0,0,,
39,AR,Arunachal Pradesh,AR_Upper Subansiri,Upper Subansiri,4,2,2,0,0,0,0,0,0,,
40,AR,Arunachal Pradesh,AR_West Kameng,West Kameng,33,2,29,2,0,0,0,0,0,,
41,AR,Arunachal Pradesh,AR_West Siang,West Siang,20,18,2,0,0,0,0,0,0,,
0,AS,Assam,AS_Airport Quarantine,Airport Quarantine,4,4,0,0,0,0,0,0,0,,
42,AS,Assam,AS_Baksa,Baksa,314,123,190,1,0,0,0,0,0,,
43,AS,Assam,AS_Barpeta,Barpeta,764,95,668,1,0,0,0,0,0,,
44,AS,Assam,AS_Biswanath,Biswanath,203,87,116,0,0,0,0,0,0,,
45,AS,Assam,AS_Bongaigaon,Bongaigaon,479,175,304,0,0,0,0,0,0,,
46,AS,Assam,AS_Cachar,Cachar,1182,381,800,1,0,0,0,0,0,,
47,AS,Assam,AS_Charaideo,Charaideo,72,33,38,1,0,0,0,0,0,,
48,AS,Assam,AS_Chirang,Chirang,87,16,71,0,0,0,0,0,0,,
49,AS,Assam,AS_Darrang,Darrang,986,204,779,3,0,0,0,0,0,,
50,AS,Assam,AS_Dhemaji,Dhemaji,219,50,169,0,0,0,0,0,0,,
51,AS,Assam,AS_Dhubri,Dhubri,797,190,607,0,0,0,0,0,0,,
52,AS,Assam,AS_Dibrugarh,Dibrugarh,1146,593,550,3,0,0,-1,0,1,,
53,AS,Assam,AS_Dima Hasao,Dima Hasao,160,13,147,0,0,0,0,0,0,,
54,AS,Assam,AS_Goalpara,Goalpara,276,38,204,0,0,0,0,0,0,,
55,AS,Assam,AS_Golaghat,Golaghat,1329,439,889,1,0,0,0,0,0,,
56,AS,Assam,AS_Hailakandi,Hailakandi,827,162,663,2,0,0,0,0,0,,
57,AS,Assam,AS_Hojai,Hojai,744,141,603,0,0,0,0,0,0,,
58,AS,Assam,AS_Jorhat,Jorhat,1408,712,691,5,0,0,-1,0,1,,
59,AS,Assam,AS_Kamrup,Kamrup,474,151,318,5,0,0,0,0,0,,
60,AS,Assam,AS_Kamrup Metropolitan,Kamrup Metropolitan,14031,5289,8701,41,0,0,-1,0,1,,
61,AS,Assam,AS_Karbi Anglong,Karbi Anglong,319,77,238,4,0,0,-1,0,1,,
62,AS,Assam,AS_Karimganj,Karimganj,464,70,391,3,0,0,0,0,0,,
63,AS,Assam,AS_Kokrajhar,Kokrajhar,336,106,228,2,0,0,0,0,0,,
64,AS,Assam,AS_Lakhimpur,Lakhimpur,479,148,331,0,0,0,0,0,0,,
65,AS,Assam,AS_Majuli,Majuli,54,29,25,0,0,0,0,0,0,,
66,AS,Assam,AS_Morigaon,Morigaon,366,300,66,0,0,0,0,0,0,,
67,AS,Assam,AS_Nagaon,Nagaon,1437,426,1009,2,0,0,0,0,0,,
68,AS,Assam,AS_Nalbari,Nalbari,422,157,264,1,0,0,0,0,0,,
0,AS,Assam,AS_Other State,Other State,1,0,1,0,0,0,0,0,0,,
69,AS,Assam,AS_Sivasagar,Sivasagar,302,102,199,1,0,0,0,0,0,,
70,AS,Assam,AS_Sonitpur,Sonitpur,829,330,498,1,0,0,0,0,0,,
71,AS,Assam,AS_South Salmara Mankachar,South Salmara Mankachar,46,4,42,0,0,0,0,0,0,,
72,AS,Assam,AS_Tinsukia,Tinsukia,900,264,629,7,0,0,-3,0,3,,
73,AS,Assam,AS_Udalguri,Udalguri,370,108,261,1,0,0,0,0,0,,
74,AS,Assam,AS_West Karbi Anglong,West Karbi Anglong,30,11,19,0,0,0,0,0,0,,
75,BR,Bihar,BR_Araria,Araria,420,130,286,4,0,30,0,30,0,,
76,BR,Bihar,BR_Arwal,Arwal,432,180,250,2,0,15,6,9,0,,
77,BR,Bihar,BR_Aurangabad,Aurangabad,670,214,453,3,0,67,4,63,0,,
78,BR,Bihar,BR_Banka,Banka,496,111,383,2,0,27,6,20,1,,
79,BR,Bihar,BR_Begusarai,Begusarai,1441,291,1142,8,0,43,0,43,0,,
80,BR,Bihar,BR_Bhagalpur,Bhagalpur,2280,606,1648,26,0,37,-86,122,1,,
81,BR,Bihar,BR_Bhojpur,Bhojpur,1166,438,721,7,0,77,38,39,0,,
82,BR,Bihar,BR_Buxar,Buxar,737,304,431,2,0,42,41,1,0,,
83,BR,Bihar,BR_Darbhanga,Darbhanga,715,222,483,10,0,48,29,19,0,,
101,BR,Bihar,BR_East Champaran,East Champaran,958,211,738,9,0,46,25,21,0,,
84,BR,Bihar,BR_Gaya,Gaya,1674,738,922,14,0,91,11,80,0,,
85,BR,Bihar,BR_Gopalganj,Gopalganj,770,140,629,1,0,26,-3,29,0,,
86,BR,Bihar,BR_Jamui,Jamui,671,306,364,1,0,25,-9,34,0,,
87,BR,Bihar,BR_Jehanabad,Jehanabad,769,277,488,4,0,14,-10,24,0,,
88,BR,Bihar,BR_Kaimur,Kaimur,370,66,301,3,0,31,4,27,0,,
89,BR,Bihar,BR_Katihar,Katihar,872,172,697,3,0,25,20,5,0,,
90,BR,Bihar,BR_Khagaria,Khagaria,882,177,700,5,0,18,-15,33,0,,
91,BR,Bihar,BR_Kishanganj,Kishanganj,535,190,341,4,0,60,53,7,0,,
92,BR,Bihar,BR_Lakhisarai,Lakhisarai,699,215,482,2,0,29,-3,32,0,,
93,BR,Bihar,BR_Madhepura,Madhepura,567,218,348,1,0,51,39,12,0,,
94,BR,Bihar,BR_Madhubani,Madhubani,880,187,691,2,0,57,47,10,0,,
95,BR,Bihar,BR_Munger,Munger,943,116,817,10,0,22,16,6,0,,
96,BR,Bihar,BR_Muzaffarpur,Muzaffarpur,1744,371,1362,11,0,53,41,12,0,,
97,BR,Bihar,BR_Nalanda,Nalanda,1617,578,1027,12,0,87,29,57,1,,
98,BR,Bihar,BR_Nawada,Nawada,1188,262,921,5,0,91,38,53,0,,
100,BR,Bihar,BR_Patna,Patna,7067,2857,4171,39,0,553,293,258,2,,
102,BR,Bihar,BR_Purnia,Purnia,953,325,624,4,0,82,48,34,0,,
103,BR,Bihar,BR_Rohtas,Rohtas,1588,729,846,13,0,69,-35,103,1,,
104,BR,Bihar,BR_Saharsa,Saharsa,537,116,420,1,0,19,-17,36,0,,
105,BR,Bihar,BR_Samastipur,Samastipur,1038,338,690,10,0,30,-41,71,0,,
106,BR,Bihar,BR_Saran,Saran,1206,475,722,9,0,63,16,47,0,,
107,BR,Bihar,BR_Sheikhpura,Sheikhpura,469,176,292,1,0,21,-5,26,0,,
108,BR,Bihar,BR_Sheohar,Sheohar,234,75,158,1,0,7,5,2,0,,
109,BR,Bihar,BR_Sitamarhi,Sitamarhi,415,106,305,4,0,19,-2,21,0,,
110,BR,Bihar,BR_Siwan,Siwan,1293,187,1099,7,0,29,-7,36,0,,
111,BR,Bihar,BR_Supaul,Supaul,724,238,485,1,0,78,58,20,0,,
112,BR,Bihar,BR_Vaishali,Vaishali,966,394,566,5,1,31,8,23,0,,
99,BR,Bihar,BR_West Champaran,West Champaran,1125,275,841,9,0,79,8,71,0,,
113,CH,Chandigarh,CH_Chandigarh,Chandigarh,910,320,576,14,0,23,18,4,1,,
0,CT,Chhattisgarh,CT_Other State,Other State,7,1,4,2,0,0,0,0,0,,
114,CT,Chhattisgarh,CT_Balod,Balod,87,18,69,0,0,0,0,0,0,,
115,CT,Chhattisgarh,CT_Baloda Bazar,Baloda Bazar,341,40,299,2,0,0,0,0,0,,
116,CT,Chhattisgarh,CT_Balrampur,Balrampur,186,18,168,0,0,0,0,0,0,,
117,CT,Chhattisgarh,CT_Bametara,Bametara,123,22,101,0,0,0,0,0,0,,
118,CT,Chhattisgarh,CT_Bastar,Bastar,168,67,100,1,0,0,0,0,0,,
119,CT,Chhattisgarh,CT_Bijapur,Bijapur,75,60,15,0,0,0,0,0,0,,
120,CT,Chhattisgarh,CT_Bilaspur,Bilaspur,530,118,410,2,0,0,0,0,0,,
121,CT,Chhattisgarh,CT_Dakshin Bastar Dantewada,Dakshin Bastar Dantewada,110,37,73,0,0,0,0,0,0,,
122,CT,Chhattisgarh,CT_Dhamtari,Dhamtari,35,6,28,1,0,0,0,0,0,,
123,CT,Chhattisgarh,CT_Durg,Durg,586,290,290,6,0,0,0,0,0,,
124,CT,Chhattisgarh,CT_Gariaband,Gariaband,81,21,60,0,0,0,0,0,0,,
125,CT,Chhattisgarh,CT_Janjgir Champa,Janjgir Champa,411,71,338,2,0,0,0,0,0,,
126,CT,Chhattisgarh,CT_Jashpur,Jashpur,219,28,191,0,0,0,0,0,0,,
127,CT,Chhattisgarh,CT_Kabeerdham,Kabeerdham,175,54,121,0,0,0,0,0,0,,
128,CT,Chhattisgarh,CT_Kondagaon,Kondagaon,65,46,19,0,0,0,0,0,0,,
129,CT,Chhattisgarh,CT_Korba,Korba,394,53,341,0,0,0,0,0,0,,
130,CT,Chhattisgarh,CT_Koriya,Koriya,97,15,82,0,0,0,0,0,0,,
131,CT,Chhattisgarh,CT_Mahasamund,Mahasamund,111,18,92,1,0,0,0,0,0,,
132,CT,Chhattisgarh,CT_Mungeli,Mungeli,166,32,134,0,0,0,0,0,0,,
133,CT,Chhattisgarh,CT_Narayanpur,Narayanpur,156,18,138,0,0,0,0,0,0,,
134,CT,Chhattisgarh,CT_Raigarh,Raigarh,201,41,158,2,0,0,0,0,0,,
135,CT,Chhattisgarh,CT_Raipur,Raipur,2187,1252,916,19,0,0,0,0,0,,
136,CT,Chhattisgarh,CT_Rajnandgaon,Rajnandgaon,543,105,435,3,0,0,0,0,0,,
137,CT,Chhattisgarh,CT_Sukma,Sukma,77,45,32,0,0,0,0,0,0,,
138,CT,Chhattisgarh,CT_Surajpur,Surajpur,44,9,34,1,0,0,0,0,0,,
139,CT,Chhattisgarh,CT_Surguja,Surguja,207,66,140,1,0,0,0,0,0,,
140,CT,Chhattisgarh,CT_Uttar Bastar Kanker,Uttar Bastar Kanker,217,70,147,0,0,0,0,0,0,,
766,CT,Chhattisgarh,CT_Gaurela Pendra Marwahi,Gaurela Pendra Marwahi,14,5,9,0,0,0,0,0,0,,
144,DL,Delhi,DL_Central Delhi,Central Delhi,184,184,0,0,0,0,0,0,0,,
145,DL,Delhi,DL_East Delhi,East Delhi,38,38,0,0,0,0,0,0,0,,
146,DL,Delhi,DL_New Delhi,New Delhi,37,37,0,0,0,0,0,0,0,,
147,DL,Delhi,DL_North Delhi,North Delhi,60,60,0,0,0,0,0,0,0,,
148,DL,Delhi,DL_North East Delhi,North East Delhi,25,25,0,0,0,0,0,0,0,,
149,DL,Delhi,DL_North West Delhi,North West Delhi,32,31,0,1,0,0,0,0,0,,
150,DL,Delhi,DL_Shahdara,Shahdara,48,48,0,0,0,0,0,0,0,,
151,DL,Delhi,DL_South Delhi,South Delhi,70,70,0,0,0,0,0,0,0,,
152,DL,Delhi,DL_South East Delhi,South East Delhi,130,130,0,0,0,0,0,0,0,,
153,DL,Delhi,DL_South West Delhi,South West Delhi,42,42,0,0,0,0,0,0,0,,
154,DL,Delhi,DL_West Delhi,West Delhi,122,122,0,0,0,0,0,0,0,,
0,DN,Dadra and Nagar Haveli and Daman and Diu,DN_Other State,Other State,0,0,0,0,0,0,0,0,0,,
141,DN,Dadra and Nagar Haveli and Daman and Diu,DN_Dadra and Nagar Haveli,Dadra and Nagar Haveli,445,200,239,1,5,19,12,7,0,5 cases are migrated to different states which are reduced from active count.,
142,DN,Dadra and Nagar Haveli and Daman and Diu,DN_Daman,Daman,483,154,327,1,1,17,1,16,0,1 cases are migrated to different states which are reduced from active count.,
143,DN,Dadra and Nagar Haveli and Daman and Diu,DN_Diu,Diu,58,32,22,0,4,0,0,0,0,4 cases are migrated to different states which are reduced from active count.,
0,GA,Goa,GA_Other State,Other State,177,94,83,0,0,0,0,0,0,"Travelled by Road,Train,Flight",
155,GA,Goa,GA_North Goa,North Goa,857,380,469,8,0,0,0,0,0,,
156,GA,Goa,GA_South Goa,South Goa,1915,1075,813,27,0,0,0,0,0,,
0,GJ,Gujarat,GJ_Other State,Other State,86,2,83,1,0,0,0,0,0,,
157,GJ,Gujarat,GJ_Ahmedabad,Ahmedabad,25692,3626,20491,1575,0,0,0,0,0,,
158,GJ,Gujarat,GJ_Amreli,Amreli,333,149,175,9,0,0,0,0,0,,
159,GJ,Gujarat,GJ_Anand,Anand,417,42,362,13,0,0,0,0,0,,
160,GJ,Gujarat,GJ_Aravalli,Aravalli,296,28,244,24,0,0,0,0,0,,
161,GJ,Gujarat,GJ_Banaskantha,Banaskantha,613,150,446,17,0,0,0,0,0,,
162,GJ,Gujarat,GJ_Bharuch,Bharuch,745,258,476,11,0,0,0,0,0,,
163,GJ,Gujarat,GJ_Bhavnagar,Bhavnagar,1181,386,774,21,0,0,0,0,0,,
164,GJ,Gujarat,GJ_Botad,Botad,197,56,136,5,0,0,0,0,0,,
165,GJ,Gujarat,GJ_Chhota Udaipur,Chhota Udaipur,138,54,82,2,0,0,0,0,0,,
167,GJ,Gujarat,GJ_Dahod,Dahod,425,314,106,5,0,0,0,0,0,,
187,GJ,Gujarat,GJ_Dang,Dang,15,6,9,0,0,0,0,0,0,,
166,GJ,Gujarat,GJ_Devbhumi Dwarka,Devbhumi Dwarka,43,14,26,3,0,0,0,0,0,,
168,GJ,Gujarat,GJ_Gandhinagar,Gandhinagar,1278,306,933,39,0,0,0,0,0,,
169,GJ,Gujarat,GJ_Gir Somnath,Gir Somnath,307,188,115,4,0,0,0,0,0,,
170,GJ,Gujarat,GJ_Jamnagar,Jamnagar,581,190,381,10,0,0,0,0,0,,
171,GJ,Gujarat,GJ_Junagadh,Junagadh,742,185,548,9,0,0,0,0,0,,
173,GJ,Gujarat,GJ_Kheda,Kheda,517,103,399,15,0,0,0,0,0,,
172,GJ,Gujarat,GJ_Kutch,Kutch,459,204,239,16,0,0,0,0,0,,
175,GJ,Gujarat,GJ_Mahisagar,Mahisagar,269,93,174,2,0,0,0,0,0,,
174,GJ,Gujarat,GJ_Mehsana,Mehsana,725,420,288,17,0,0,0,0,0,,
176,GJ,Gujarat,GJ_Morbi,Morbi,190,51,133,6,0,0,0,0,0,,
177,GJ,Gujarat,GJ_Narmada,Narmada,258,109,149,0,0,0,0,0,0,,
178,GJ,Gujarat,GJ_Navsari,Navsari,466,160,301,5,0,0,0,0,0,,
179,GJ,Gujarat,GJ_Panchmahal,Panchmahal,398,125,258,15,0,0,0,0,0,,
180,GJ,Gujarat,GJ_Patan,Patan,499,166,310,23,0,0,0,0,0,,
181,GJ,Gujarat,GJ_Porbandar,Porbandar,41,9,30,2,0,0,0,0,0,,
182,GJ,Gujarat,GJ_Rajkot,Rajkot,1406,693,689,24,0,0,0,0,0,,
183,GJ,Gujarat,GJ_Sabarkantha,Sabarkantha,373,122,243,8,0,0,0,0,0,,
184,GJ,Gujarat,GJ_Surat,Surat,11672,3447,7867,358,0,0,0,0,0,,
185,GJ,Gujarat,GJ_Surendranagar,Surendranagar,613,356,247,10,0,0,0,0,0,,
186,GJ,Gujarat,GJ_Tapi,Tapi,127,50,76,1,0,0,0,0,0,,
188,GJ,Gujarat,GJ_Vadodara,Vadodara,4180,774,3339,67,0,0,0,0,0,,
189,GJ,Gujarat,GJ_Valsad,Valsad,540,197,338,5,0,0,0,0,0,,
212,HP,Himachal Pradesh,HP_Bilaspur,Bilaspur,73,22,51,0,0,0,0,0,0,,
213,HP,Himachal Pradesh,HP_Chamba,Chamba,96,26,70,0,0,3,1,2,0,One death of COVID-19 positive patient has occured due to non-covid reasons,
214,HP,Himachal Pradesh,HP_Hamirpur,Hamirpur,300,21,276,3,0,1,1,0,0,,
215,HP,Himachal Pradesh,HP_Kangra,Kangra,422,105,311,4,2,12,12,0,0,Death of Tibetan refugee on March 22 included in Kangra district's tally,
216,HP,Himachal Pradesh,HP_Kinnaur,Kinnaur,41,17,24,0,0,0,0,0,0,,
217,HP,Himachal Pradesh,HP_Kullu,Kullu,24,15,9,0,0,0,0,0,0,,
218,HP,Himachal Pradesh,HP_Lahaul and Spiti,Lahaul and Spiti,4,0,4,0,0,0,0,0,0,,
219,HP,Himachal Pradesh,HP_Mandi,Mandi,119,75,41,3,0,8,5,3,0,,
220,HP,Himachal Pradesh,HP_Shimla,Shimla,143,86,55,2,0,0,0,0,0,One death of COVID-19 positive patient has occured due to non-covid reasons,
221,HP,Himachal Pradesh,HP_Sirmaur,Sirmaur,273,210,55,1,7,31,31,0,0,,
222,HP,Himachal Pradesh,HP_Solan,Solan,548,366,176,0,6,0,0,0,0,,
223,HP,Himachal Pradesh,HP_Una,Una,188,53,135,0,0,0,-4,4,0,,
0,HR,Haryana,HR_Foreign Evacuees,Foreign Evacuees,21,0,21,0,0,0,0,0,0,,
190,HR,Haryana,HR_Ambala,Ambala,1254,237,1006,11,0,0,0,0,0,,
191,HR,Haryana,HR_Bhiwani,Bhiwani,756,52,699,5,0,0,0,0,0,,
192,HR,Haryana,HR_Charkhi Dadri,Charkhi Dadri,137,44,92,1,0,0,0,0,0,,
193,HR,Haryana,HR_Faridabad,Faridabad,7693,1521,6052,120,0,0,0,0,0,,
194,HR,Haryana,HR_Fatehabad,Fatehabad,276,97,177,2,0,0,0,0,0,,
195,HR,Haryana,HR_Gurugram,Gurugram,8612,1083,7409,120,0,0,0,0,0,,
196,HR,Haryana,HR_Hisar,Hisar,799,249,540,10,0,0,0,0,0,,
0,HR,Haryana,HR_Italians,Italians,14,0,14,0,0,0,0,0,0,,
197,HR,Haryana,HR_Jhajjar,Jhajjar,768,163,596,9,0,0,0,0,0,,
198,HR,Haryana,HR_Jind,Jind,213,41,167,5,0,0,0,0,0,,
199,HR,Haryana,HR_Kaithal,Kaithal,220,58,162,0,0,0,0,0,0,,
200,HR,Haryana,HR_Karnal,Karnal,848,260,578,10,0,0,0,0,0,,
201,HR,Haryana,HR_Kurukshetra,Kurukshetra,347,136,209,2,0,0,0,0,0,,
202,HR,Haryana,HR_Mahendragarh,Mahendragarh,754,276,477,1,0,0,0,0,0,,
203,HR,Haryana,HR_Nuh,Nuh,500,53,437,10,0,0,0,0,0,,
204,HR,Haryana,HR_Palwal,Palwal,810,164,637,9,0,0,0,0,0,,
205,HR,Haryana,HR_Panchkula,Panchkula,432,251,180,1,0,0,0,0,0,,
206,HR,Haryana,HR_Panipat,Panipat,901,443,447,11,0,0,0,0,0,,
207,HR,Haryana,HR_Rewari,Rewari,1421,479,934,8,0,0,0,0,0,,
208,HR,Haryana,HR_Rohtak,Rohtak,1313,298,994,21,0,0,0,0,0,,
209,HR,Haryana,HR_Sirsa,Sirsa,291,86,203,2,0,0,0,0,0,,
210,HR,Haryana,HR_Sonipat,Sonipat,2742,494,2217,31,0,0,0,0,0,,
211,HR,Haryana,HR_Yamunanagar,Yamunanagar,210,71,136,3,0,0,0,0,0,,
246,JH,Jharkhand,JH_Bokaro,Bokaro,151,63,86,2,0,0,0,0,0,,
247,JH,Jharkhand,JH_Chatra,Chatra,266,122,144,0,0,0,0,0,0,,
248,JH,Jharkhand,JH_Deoghar,Deoghar,149,64,84,1,0,0,0,0,0,,
249,JH,Jharkhand,JH_Dhanbad,Dhanbad,482,290,179,13,0,9,9,0,0,,
250,JH,Jharkhand,JH_Dumka,Dumka,58,25,33,0,0,0,0,0,0,,
264,JH,Jharkhand,JH_East Singhbhum,East Singhbhum,1444,929,493,22,0,110,109,0,1,,
251,JH,Jharkhand,JH_Garhwa,Garhwa,405,208,196,1,0,0,0,0,0,,
252,JH,Jharkhand,JH_Giridih,Giridih,282,138,140,4,0,0,0,0,0,,
253,JH,Jharkhand,JH_Godda,Godda,102,81,19,2,0,0,0,0,0,,
254,JH,Jharkhand,JH_Gumla,Gumla,239,135,103,1,0,0,0,0,0,,
255,JH,Jharkhand,JH_Hazaribagh,Hazaribagh,526,258,262,6,0,0,0,0,0,,
256,JH,Jharkhand,JH_Jamtara,Jamtara,54,22,32,0,0,0,0,0,0,,
257,JH,Jharkhand,JH_Khunti,Khunti,50,13,36,1,0,0,0,0,0,,
258,JH,Jharkhand,JH_Koderma,Koderma,469,227,237,5,0,0,-1,0,1,,
259,JH,Jharkhand,JH_Latehar,Latehar,229,122,107,0,0,0,0,0,0,,
260,JH,Jharkhand,JH_Lohardaga,Lohardaga,225,118,107,0,0,0,0,0,0,,
261,JH,Jharkhand,JH_Pakur,Pakur,203,124,79,0,0,0,0,0,0,,
262,JH,Jharkhand,JH_Palamu,Palamu,251,86,164,1,0,0,-1,0,1,,
265,JH,Jharkhand,JH_Ramgarh,Ramgarh,332,169,161,2,0,0,0,0,0,,
266,JH,Jharkhand,JH_Ranchi,Ranchi,1566,1111,438,17,0,0,0,0,0,,
267,JH,Jharkhand,JH_Sahibganj,Sahibganj,164,142,20,2,0,0,0,0,0,,
268,JH,Jharkhand,JH_Saraikela-Kharsawan,Saraikela-Kharsawan,203,119,80,4,0,3,3,0,0,,
269,JH,Jharkhand,JH_Simdega,Simdega,407,36,370,1,0,0,0,0,0,,
263,JH,Jharkhand,JH_West Singhbhum,West Singhbhum,222,87,134,1,0,8,8,0,0,,
224,JK,Jammu and Kashmir,JK_Anantnag,Anantnag,1229,284,924,21,0,53,-69,122,0,,
226,JK,Jammu and Kashmir,JK_Bandipora,Bandipora,652,225,418,9,0,20,12,8,0,,
227,JK,Jammu and Kashmir,JK_Baramulla,Baramulla,1783,552,1168,63,0,11,7,4,0,,
225,JK,Jammu and Kashmir,JK_Budgam,Budgam,1151,478,650,23,0,23,-17,39,1,,
228,JK,Jammu and Kashmir,JK_Doda,Doda,257,131,124,2,0,15,9,6,0,,
229,JK,Jammu and Kashmir,JK_Ganderbal,Ganderbal,351,146,199,6,0,2,0,2,0,,
230,JK,Jammu and Kashmir,JK_Jammu,Jammu,897,387,495,15,0,37,28,9,0,,
231,JK,Jammu and Kashmir,JK_Kathua,Kathua,475,159,315,1,0,10,-3,13,0,,
232,JK,Jammu and Kashmir,JK_Kishtwar,Kishtwar,129,78,51,0,0,23,9,14,0,,
233,JK,Jammu and Kashmir,JK_Kulgam,Kulgam,1468,458,984,26,0,23,11,12,0,,
234,JK,Jammu and Kashmir,JK_Kupwara,Kupwara,1041,295,729,17,0,6,-49,55,0,,
235,JK,Jammu and Kashmir,JK_Mirpur,Mirpur,0,0,0,0,0,0,0,0,0,,
236,JK,Jammu and Kashmir,JK_Muzaffarabad,Muzaffarabad,0,0,0,0,0,0,0,0,0,,
237,JK,Jammu and Kashmir,JK_Pulwama,Pulwama,1257,617,621,19,0,38,25,11,2,,
238,JK,Jammu and Kashmir,JK_Punch,Punch,187,49,137,1,0,3,3,0,0,,
239,JK,Jammu and Kashmir,JK_Rajouri,Rajouri,577,395,180,2,0,20,-37,57,0,,
240,JK,Jammu and Kashmir,JK_Ramban,Ramban,502,250,252,0,0,15,12,3,0,,
241,JK,Jammu and Kashmir,JK_Reasi,Reasi,114,59,55,0,0,11,11,0,0,,
242,JK,Jammu and Kashmir,JK_Samba,Samba,386,173,212,1,0,12,2,10,0,,
243,JK,Jammu and Kashmir,JK_Shopiyan,Shopiyan,1391,437,934,20,0,1,-36,37,0,,
244,JK,Jammu and Kashmir,JK_Srinagar,Srinagar,4134,2385,1655,94,0,132,54,72,6,,
245,JK,Jammu and Kashmir,JK_Udhampur,Udhampur,409,109,299,1,0,15,15,0,0,,
270,KA,Karnataka,KA_Bagalkote,Bagalkote,1293,610,643,40,0,27,12,13,2,,
271,KA,Karnataka,KA_Ballari,Ballari,4930,3258,1600,72,0,840,794,43,3,,
272,KA,Karnataka,KA_Belagavi,Belagavi,2304,1572,680,52,0,155,111,38,6,,
274,KA,Karnataka,KA_Bengaluru Rural,Bengaluru Rural,1771,1514,247,10,0,138,137,0,1,,
273,KA,Karnataka,KA_Bengaluru Urban,Bengaluru Urban,46923,33816,12189,917,1,1470,660,784,26,,
275,KA,Karnataka,KA_Bidar,Bidar,1908,529,1308,68,3,42,-37,80,-1,,
276,KA,Karnataka,KA_Chamarajanagara,Chamarajanagara,521,227,288,6,0,16,-2,18,0,,
277,KA,Karnataka,KA_Chikkaballapura,Chikkaballapura,1470,825,614,30,1,40,11,29,0,,
278,KA,Karnataka,KA_Chikkamagaluru,Chikkamagaluru,705,309,377,19,0,26,22,3,1,,
279,KA,Karnataka,KA_Chitradurga,Chitradurga,452,300,146,6,0,51,39,12,0,,
280,KA,Karnataka,KA_Dakshina Kannada,Dakshina Kannada,4925,2672,2138,113,2,119,30,80,9,,
281,KA,Karnataka,KA_Davanagere,Davanagere,1533,569,927,37,0,110,49,60,1,,
282,KA,Karnataka,KA_Dharwad,Dharwad,3383,2003,1277,103,0,193,130,55,8,,
283,KA,Karnataka,KA_Gadag,Gadag,1067,661,382,23,1,63,34,28,1,,
284,KA,Karnataka,KA_Hassan,Hassan,1738,884,811,43,0,66,7,58,1,,
285,KA,Karnataka,KA_Haveri,Haveri,786,282,480,24,0,27,3,23,1,,
286,KA,Karnataka,KA_Kalaburagi,Kalaburagi,4495,2158,2271,66,0,631,556,73,2,,
287,KA,Karnataka,KA_Kodagu,Kodagu,352,94,253,5,0,10,3,7,0,,
288,KA,Karnataka,KA_Kolar,Kolar,1053,673,358,22,0,142,140,0,2,,
289,KA,Karnataka,KA_Koppal,Koppal,734,211,507,16,0,28,-21,48,1,,
290,KA,Karnataka,KA_Mandya,Mandya,1247,429,808,10,0,56,56,0,0,,
291,KA,Karnataka,KA_Mysuru,Mysuru,3163,2152,896,115,0,296,220,73,3,,
0,KA,Karnataka,KA_Other State,Other State,36,1,32,3,0,0,0,0,0,,
292,KA,Karnataka,KA_Raichur,Raichur,1822,843,958,20,1,120,-24,142,2,,
293,KA,Karnataka,KA_Ramanagara,Ramanagara,696,491,195,10,0,62,62,0,0,,
294,KA,Karnataka,KA_Shivamogga,Shivamogga,1237,724,491,22,0,76,75,0,1,,
295,KA,Karnataka,KA_Tumakuru,Tumakuru,1074,706,327,41,0,89,74,15,0,,
296,KA,Karnataka,KA_Udupi,Udupi,3612,1425,2173,14,0,225,174,51,0,,
297,KA,Karnataka,KA_Uttara Kannada,Uttara Kannada,1778,775,986,17,0,32,-58,89,1,,
298,KA,Karnataka,KA_Vijayapura,Vijayapura,2405,634,1744,27,0,110,88,20,2,,
299,KA,Karnataka,KA_Yadgir,Yadgir,2052,471,1579,2,0,64,59,5,0,,
0,KL,Kerala,KL_Other State,Other State,0,0,0,0,0,0,0,0,0,,
300,KL,Kerala,KL_Alappuzha,Alappuzha,1482,801,676,4,1,0,0,0,0,,
301,KL,Kerala,KL_Ernakulam,Ernakulam,1529,823,699,6,1,0,0,0,0,,
302,KL,Kerala,KL_Idukki,Idukki,628,339,287,2,0,0,0,0,0,,
303,KL,Kerala,KL_Kannur,Kannur,1211,433,770,8,0,0,0,0,0,,
304,KL,Kerala,KL_Kasaragod,Kasaragod,1438,695,739,4,0,0,0,0,0,,
305,KL,Kerala,KL_Kollam,Kollam,1470,876,589,4,1,0,0,0,0,,
306,KL,Kerala,KL_Kottayam,Kottayam,873,406,467,0,0,0,0,0,0,,
307,KL,Kerala,KL_Kozhikode,Kozhikode,1136,601,529,5,1,0,0,0,0,,
308,KL,Kerala,KL_Malappuram,Malappuram,1667,521,1140,6,0,0,0,0,0,,
309,KL,Kerala,KL_Palakkad,Palakkad,1448,380,1065,2,1,0,0,0,0,,
310,KL,Kerala,KL_Pathanamthitta,Pathanamthitta,1119,415,702,1,1,0,0,0,0,,
311,KL,Kerala,KL_Thiruvananthapuram,Thiruvananthapuram,3506,2759,733,11,3,0,0,0,0,,
312,KL,Kerala,KL_Thrissur,Thrissur,1134,420,706,8,0,0,0,0,0,,
313,KL,Kerala,KL_Wayanad,Wayanad,385,186,198,1,0,0,0,0,0,,
314,LA,Ladakh,LA_Kargil,Kargil,765,43,719,3,0,1,1,0,0,,
315,LA,Ladakh,LA_Leh,Leh,541,193,347,1,0,20,17,3,0,,
316,LD,Lakshadweep,LD_Lakshadweep,Lakshadweep,0,0,0,0,0,0,0,0,0,,
369,MH,Maharashtra,MH_Ahmednagar,Ahmednagar,3259,1816,1395,48,0,0,0,0,0,,
370,MH,Maharashtra,MH_Akola,Akola,2374,440,1824,109,1,0,0,0,0,,
371,MH,Maharashtra,MH_Amravati,Amravati,1620,449,1119,52,0,0,0,0,0,,
372,MH,Maharashtra,MH_Aurangabad,Aurangabad,11812,4901,6467,444,0,0,0,0,0,,
374,MH,Maharashtra,MH_Beed,Beed,547,327,205,15,0,0,0,0,0,,
373,MH,Maharashtra,MH_Bhandara,Bhandara,209,37,170,2,0,0,0,0,0,,
375,MH,Maharashtra,MH_Buldhana,Buldhana,979,419,531,29,0,0,0,0,0,,
376,MH,Maharashtra,MH_Chandrapur,Chandrapur,337,131,206,0,0,0,0,0,0,,
377,MH,Maharashtra,MH_Dhule,Dhule,2397,700,1603,92,2,0,0,0,0,,
378,MH,Maharashtra,MH_Gadchiroli,Gadchiroli,235,54,180,1,0,0,0,0,0,,
379,MH,Maharashtra,MH_Gondia,Gondia,242,21,218,3,0,0,0,0,0,,
380,MH,Maharashtra,MH_Hingoli,Hingoli,509,142,357,10,0,0,0,0,0,,
381,MH,Maharashtra,MH_Jalgaon,Jalgaon,9084,2500,6108,476,0,0,0,0,0,,
382,MH,Maharashtra,MH_Jalna,Jalna,1762,785,909,68,0,0,0,0,0,,
383,MH,Maharashtra,MH_Kolhapur,Kolhapur,3478,2248,1156,74,0,0,0,0,0,,
384,MH,Maharashtra,MH_Latur,Latur,1528,691,764,73,0,0,0,0,0,,
385,MH,Maharashtra,MH_Mumbai,Mumbai,109161,22536,80238,6093,294,0,0,0,0,,
386,MH,Maharashtra,MH_Mumbai Suburban,Mumbai Suburban,0,0,0,0,0,0,0,0,0,,
387,MH,Maharashtra,MH_Nagpur,Nagpur,3513,1758,1711,43,1,0,0,0,0,,
388,MH,Maharashtra,MH_Nanded,Nanded,1282,675,555,52,0,0,0,0,0,,
389,MH,Maharashtra,MH_Nandurbar,Nandurbar,504,159,322,23,0,0,0,0,0,,
390,MH,Maharashtra,MH_Nashik,Nashik,12618,5194,6998,426,0,0,0,0,0,,
391,MH,Maharashtra,MH_Osmanabad,Osmanabad,671,208,429,34,0,0,0,0,0,,
0,MH,Maharashtra,MH_Other State,Other State,334,288,0,46,0,0,0,0,0,,
392,MH,Maharashtra,MH_Palghar,Palghar,14167,5615,8248,304,0,0,0,0,0,,
393,MH,Maharashtra,MH_Parbhani,Parbhani,457,249,190,18,0,0,0,0,0,,
394,MH,Maharashtra,MH_Pune,Pune,76203,48180,26230,1793,0,0,0,0,0,,
395,MH,Maharashtra,MH_Raigad,Raigad,14580,4866,9430,282,2,0,0,0,0,,
396,MH,Maharashtra,MH_Ratnagiri,Ratnagiri,1548,663,831,54,0,0,0,0,0,,
397,MH,Maharashtra,MH_Sangli,Sangli,1465,781,636,48,0,0,0,0,0,,
398,MH,Maharashtra,MH_Satara,Satara,3107,1283,1714,109,1,0,0,0,0,,
399,MH,Maharashtra,MH_Sindhudurg,Sindhudurg,328,67,255,6,0,0,0,0,0,,
400,MH,Maharashtra,MH_Solapur,Solapur,7771,3706,3621,443,1,0,0,0,0,,
401,MH,Maharashtra,MH_Thane,Thane,86358,36174,47837,2346,1,0,0,0,0,,
402,MH,Maharashtra,MH_Wardha,Wardha,126,70,51,4,1,0,0,0,0,,
403,MH,Maharashtra,MH_Washim,Washim,513,209,294,10,0,0,0,0,0,,
404,MH,Maharashtra,MH_Yavatmal,Yavatmal,721,259,436,26,0,0,0,0,0,,
421,ML,Meghalaya,ML_East Garo Hills,East Garo Hills,1,1,0,0,0,0,0,0,0,,
422,ML,Meghalaya,ML_East Jaintia Hills,East Jaintia Hills,16,14,2,0,0,1,1,0,0,,
423,ML,Meghalaya,ML_East Khasi Hills,East Khasi Hills,581,441,135,5,0,17,-21,38,0,,
424,ML,Meghalaya,ML_North Garo Hills,North Garo Hills,3,2,1,0,0,0,0,0,0,,
425,ML,Meghalaya,ML_Ribhoi,Ribhoi,52,50,2,0,0,0,0,0,0,,
426,ML,Meghalaya,ML_South Garo Hills,South Garo Hills,2,2,0,0,0,0,0,0,0,,
427,ML,Meghalaya,ML_South West Garo Hills,South West Garo Hills,11,4,7,0,0,0,0,0,0,,
428,ML,Meghalaya,ML_South West Khasi Hills,South West Khasi Hills,0,0,0,0,0,0,0,0,0,,
429,ML,Meghalaya,ML_West Garo Hills,West Garo Hills,22,16,6,0,0,1,1,0,0,,
430,ML,Meghalaya,ML_West Jaintia Hills,West Jaintia Hills,15,10,5,0,0,0,0,0,0,,
431,ML,Meghalaya,ML_West Khasi Hills,West Khasi Hills,4,3,1,0,0,0,0,0,0,,
405,MN,Manipur,MN_Bishnupur,Bishnupur,86,28,58,0,0,0,0,0,0,,
406,MN,Manipur,MN_Chandel,Chandel,39,35,4,0,0,0,0,0,0,,
407,MN,Manipur,MN_Churachandpur,Churachandpur,175,117,58,0,0,0,0,0,0,,
408,MN,Manipur,MN_Imphal East,Imphal East,76,60,16,0,0,0,0,0,0,,
409,MN,Manipur,MN_Imphal West,Imphal West,251,199,52,0,0,0,0,0,0,,
410,MN,Manipur,MN_Jiribam,Jiribam,113,111,2,0,0,0,0,0,0,,
411,MN,Manipur,MN_Kakching,Kakching,119,92,27,0,0,0,0,0,0,,
412,MN,Manipur,MN_Kamjong,Kamjong,136,119,17,0,0,0,0,0,0,,
413,MN,Manipur,MN_Kangpokpi,Kangpokpi,271,252,19,0,0,0,0,0,0,,
414,MN,Manipur,MN_Noney,Noney,25,7,18,0,0,0,0,0,0,,
415,MN,Manipur,MN_Pherzawl,Pherzawl,32,17,15,0,0,0,0,0,0,,
416,MN,Manipur,MN_Senapati,Senapati,199,178,21,0,0,0,0,0,0,,
417,MN,Manipur,MN_Tamenglong,Tamenglong,215,183,32,0,0,0,0,0,0,,
418,MN,Manipur,MN_Tengnoupal,Tengnoupal,16,3,13,0,0,0,0,0,0,,
419,MN,Manipur,MN_Thoubal,Thoubal,193,170,23,0,0,0,0,0,0,,
420,MN,Manipur,MN_Ukhrul,Ukhrul,262,244,18,0,0,0,0,0,0,,
317,MP,Madhya Pradesh,MP_Agar Malwa,Agar Malwa,78,26,49,3,0,2,2,0,0,,
318,MP,Madhya Pradesh,MP_Alirajpur,Alirajpur,126,96,29,1,0,10,6,4,0,,
319,MP,Madhya Pradesh,MP_Anuppur,Anuppur,69,34,35,0,0,0,0,0,0,,
320,MP,Madhya Pradesh,MP_Ashoknagar,Ashoknagar,80,9,69,2,0,0,-4,3,1,,
321,MP,Madhya Pradesh,MP_Balaghat,Balaghat,106,47,59,0,0,7,5,2,0,,
322,MP,Madhya Pradesh,MP_Barwani,Barwani,401,159,236,6,0,27,18,8,1,,
323,MP,Madhya Pradesh,MP_Betul,Betul,209,67,139,3,0,10,10,0,0,,
324,MP,Madhya Pradesh,MP_Bhind,Bhind,431,21,409,1,0,3,-7,10,0,,
325,MP,Madhya Pradesh,MP_Bhopal,Bhopal,5503,1816,3528,159,0,189,141,47,1,,
326,MP,Madhya Pradesh,MP_Burhanpur,Burhanpur,464,23,418,23,0,5,5,0,0,,
327,MP,Madhya Pradesh,MP_Chhatarpur,Chhatarpur,255,108,144,3,0,2,-25,27,0,,
328,MP,Madhya Pradesh,MP_Chhindwara,Chhindwara,114,24,88,2,0,0,-4,4,0,,
329,MP,Madhya Pradesh,MP_Damoh,Damoh,154,83,70,1,0,31,30,1,0,,
330,MP,Madhya Pradesh,MP_Datia,Datia,205,63,139,3,0,8,8,0,0,,
331,MP,Madhya Pradesh,MP_Dewas,Dewas,415,73,332,10,0,3,-21,24,0,,
332,MP,Madhya Pradesh,MP_Dhar,Dhar,355,95,250,10,0,6,-15,21,0,,
333,MP,Madhya Pradesh,MP_Dindori,Dindori,36,5,31,0,0,2,2,0,0,,
335,MP,Madhya Pradesh,MP_Guna,Guna,65,20,41,4,0,3,3,0,0,,
336,MP,Madhya Pradesh,MP_Gwalior,Gwalior,2037,571,1455,11,0,59,-79,137,1,,
337,MP,Madhya Pradesh,MP_Harda,Harda,183,51,126,6,0,6,-10,16,0,,
338,MP,Madhya Pradesh,MP_Hoshangabad,Hoshangabad,154,87,62,5,0,7,0,7,0,,
339,MP,Madhya Pradesh,MP_Indore,Indore,6985,1982,4699,304,0,127,88,39,0,,
340,MP,Madhya Pradesh,MP_Jabalpur,Jabalpur,1033,303,704,26,0,28,-9,35,2,,
341,MP,Madhya Pradesh,MP_Jhabua,Jhabua,121,61,57,3,0,1,0,1,0,,
342,MP,Madhya Pradesh,MP_Katni,Katni,115,70,42,3,0,5,3,2,0,,
334,MP,Madhya Pradesh,MP_Khandwa,Khandwa,582,71,492,19,0,12,0,12,0,,
368,MP,Madhya Pradesh,MP_Khargone,Khargone,666,136,513,17,0,20,10,10,0,,
343,MP,Madhya Pradesh,MP_Mandla,Mandla,21,7,13,1,0,0,-7,7,0,,
344,MP,Madhya Pradesh,MP_Mandsaur,Mandsaur,385,78,296,11,0,17,-7,24,0,,
345,MP,Madhya Pradesh,MP_Morena,Morena,1519,165,1345,9,0,19,-55,74,0,,
346,MP,Madhya Pradesh,MP_Narsinghpur,Narsinghpur,145,86,58,1,0,8,-2,10,0,,
347,MP,Madhya Pradesh,MP_Neemuch,Neemuch,630,103,518,9,0,22,9,13,0,,
348,MP,Madhya Pradesh,MP_Niwari,Niwari,38,19,19,0,0,6,6,0,0,,
0,MP,Madhya Pradesh,MP_Other Region,Other Region,0,0,0,0,0,0,0,0,0,,
349,MP,Madhya Pradesh,MP_Panna,Panna,88,15,73,0,0,1,0,1,0,,
350,MP,Madhya Pradesh,MP_Raisen,Raisen,296,165,124,7,0,12,10,2,0,,
351,MP,Madhya Pradesh,MP_Rajgarh,Rajgarh,231,79,143,9,0,6,-8,14,0,,
352,MP,Madhya Pradesh,MP_Ratlam,Ratlam,369,71,291,7,0,9,-6,15,0,,
353,MP,Madhya Pradesh,MP_Rewa,Rewa,220,104,113,3,0,9,2,5,2,,
354,MP,Madhya Pradesh,MP_Sagar,Sagar,621,112,477,32,0,12,2,10,0,,
355,MP,Madhya Pradesh,MP_Satna,Satna,118,48,63,7,0,6,6,0,0,,
356,MP,Madhya Pradesh,MP_Sehore,Sehore,201,114,81,6,0,21,5,16,0,,
357,MP,Madhya Pradesh,MP_Seoni,Seoni,39,17,21,1,0,5,5,0,0,,
358,MP,Madhya Pradesh,MP_Shahdol,Shahdol,65,21,44,0,0,0,0,0,0,,
359,MP,Madhya Pradesh,MP_Shajapur,Shajapur,277,57,216,4,0,4,-13,17,0,,
360,MP,Madhya Pradesh,MP_Sheopur,Sheopur,220,84,134,2,0,4,-4,8,0,,
361,MP,Madhya Pradesh,MP_Shivpuri,Shivpuri,266,45,219,2,0,0,-6,6,0,,
362,MP,Madhya Pradesh,MP_Sidhi,Sidhi,78,34,43,1,0,6,6,0,0,,
363,MP,Madhya Pradesh,MP_Singrauli,Singrauli,83,53,28,2,0,5,4,0,1,,
364,MP,Madhya Pradesh,MP_Tikamgarh,Tikamgarh,300,75,218,7,0,20,2,18,0,,
365,MP,Madhya Pradesh,MP_Ujjain,Ujjain,1133,217,844,72,0,18,15,3,0,,
366,MP,Madhya Pradesh,MP_Umaria,Umaria,36,6,29,1,0,0,0,0,0,,
367,MP,Madhya Pradesh,MP_Vidisha,Vidisha,268,102,165,1,0,6,0,6,0,,
432,MZ,Mizoram,MZ_Aizawl,Aizawl,182,132,50,0,0,0,0,0,0,,
433,MZ,Mizoram,MZ_Champhai,Champhai,13,3,10,0,0,0,0,0,0,,
729,MZ,Mizoram,MZ_Hnahthial,Hnahthial,0,0,0,0,0,0,0,0,0,,
730,MZ,Mizoram,MZ_Khawzawl,Khawzawl,3,0,3,0,0,0,0,0,0,,
434,MZ,Mizoram,MZ_Kolasib,Kolasib,14,2,12,0,0,0,0,0,0,,
435,MZ,Mizoram,MZ_Lawngtlai,Lawngtlai,21,13,8,0,0,0,0,0,0,,
436,MZ,Mizoram,MZ_Lunglei,Lunglei,71,20,51,0,0,0,0,0,0,,
437,MZ,Mizoram,MZ_Mamit,Mamit,21,1,20,0,0,0,0,0,0,,
438,MZ,Mizoram,MZ_Saiha,Saiha,26,3,23,0,0,0,0,0,0,,
728,MZ,Mizoram,MZ_Saitual,Saitual,3,0,3,0,0,0,0,0,0,,
439,MZ,Mizoram,MZ_Serchhip,Serchhip,7,4,3,0,0,0,0,0,0,,
0,NL,Nagaland,NL_Others,Others,46,0,46,0,0,0,0,0,0,,
440,NL,Nagaland,NL_Dimapur,Dimapur,442,377,61,4,0,14,14,0,0,,
441,NL,Nagaland,NL_Kiphire,Kiphire,4,0,4,0,0,0,0,0,0,,
442,NL,Nagaland,NL_Kohima,Kohima,285,235,50,0,0,23,23,0,0,,
443,NL,Nagaland,NL_Longleng,Longleng,5,1,4,0,0,0,0,0,0,,
444,NL,Nagaland,NL_Mokokchung,Mokokchung,13,9,4,0,0,0,0,0,0,,
445,NL,Nagaland,NL_Mon,Mon,165,132,33,0,0,8,8,0,0,,
446,NL,Nagaland,NL_Peren,Peren,331,58,273,0,0,1,1,0,0,,
447,NL,Nagaland,NL_Phek,Phek,19,4,15,0,0,0,0,0,0,,
448,NL,Nagaland,NL_Tuensang,Tuensang,50,7,43,0,0,0,0,0,0,,
449,NL,Nagaland,NL_Wokha,Wokha,11,1,10,0,0,0,0,0,0,,
450,NL,Nagaland,NL_Zunheboto,Zunheboto,14,8,6,0,0,0,0,0,0,,
0,OR,Odisha,OR_Others,Others,0,0,0,0,0,0,0,0,0,,
451,OR,Odisha,OR_Angul,Angul,259,78,179,2,0,1,1,0,0,,
452,OR,Odisha,OR_Balangir,Balangir,353,78,275,0,0,21,21,0,0,,
453,OR,Odisha,OR_Balasore,Balasore,856,207,645,4,0,19,19,0,0,,
454,OR,Odisha,OR_Bargarh,Bargarh,375,95,279,1,0,23,23,0,0,,
456,OR,Odisha,OR_Bhadrak,Bhadrak,546,168,373,5,0,25,25,0,0,,
455,OR,Odisha,OR_Boudh,Boudh,132,67,65,0,0,1,1,0,0,,
457,OR,Odisha,OR_Cuttack,Cuttack,1825,665,1147,13,0,136,135,0,1,,
458,OR,Odisha,OR_Deogarh,Deogarh,81,15,66,0,0,0,0,0,0,,
459,OR,Odisha,OR_Dhenkanal,Dhenkanal,199,80,119,0,0,32,32,0,0,,
460,OR,Odisha,OR_Gajapati,Gajapati,1056,420,627,9,0,73,73,0,0,,
461,OR,Odisha,OR_Ganjam,Ganjam,9169,3245,5836,88,0,491,488,0,3,,
462,OR,Odisha,OR_Jagatsinghpur,Jagatsinghpur,637,174,461,2,0,6,6,0,0,,
463,OR,Odisha,OR_Jajpur,Jajpur,1147,203,942,2,0,51,51,0,0,,
464,OR,Odisha,OR_Jharsuguda,Jharsuguda,289,72,216,1,0,10,10,0,0,,
465,OR,Odisha,OR_Kalahandi,Kalahandi,132,50,82,0,0,10,10,0,0,,
466,OR,Odisha,OR_Kandhamal,Kandhamal,438,209,228,1,0,73,73,0,0,,
467,OR,Odisha,OR_Kendrapara,Kendrapara,427,82,342,3,0,9,9,0,0,,
468,OR,Odisha,OR_Kendujhar,Kendujhar,653,242,410,1,0,43,43,0,0,,
469,OR,Odisha,OR_Khordha,Khordha,3260,1763,1471,26,0,223,222,0,1,,
470,OR,Odisha,OR_Koraput,Koraput,485,318,167,0,0,34,34,0,0,,
471,OR,Odisha,OR_Malkangiri,Malkangiri,430,182,247,1,0,34,33,0,1,,
472,OR,Odisha,OR_Mayurbhanj,Mayurbhanj,581,159,420,2,0,28,28,0,0,,
473,OR,Odisha,OR_Nabarangapur,Nabarangapur,206,55,150,1,0,2,2,0,0,,
474,OR,Odisha,OR_Nayagarh,Nayagarh,496,193,301,2,0,8,8,0,0,,
475,OR,Odisha,OR_Nuapada,Nuapada,110,10,100,0,0,0,0,0,0,,
476,OR,Odisha,OR_Puri,Puri,681,324,353,4,0,4,4,0,0,,
477,OR,Odisha,OR_Rayagada,Rayagada,600,259,337,4,0,68,68,0,0,,
478,OR,Odisha,OR_Sambalpur,Sambalpur,281,132,149,0,0,17,17,0,0,,
479,OR,Odisha,OR_Subarnapur,Subarnapur,78,23,55,0,0,4,4,0,0,,
480,OR,Odisha,OR_Sundargarh,Sundargarh,1110,350,751,9,0,57,56,0,1,,
485,PB,Punjab,PB_Amritsar,Amritsar,1539,320,1151,68,0,0,0,0,0,,
486,PB,Punjab,PB_Barnala,Barnala,126,47,76,3,0,0,0,0,0,,
487,PB,Punjab,PB_Bathinda,Bathinda,287,125,157,5,0,0,0,0,0,,
488,PB,Punjab,PB_Faridkot,Faridkot,259,76,183,0,0,0,0,0,0,,
489,PB,Punjab,PB_Fatehgarh Sahib,Fatehgarh Sahib,286,89,195,2,0,0,0,0,0,,
490,PB,Punjab,PB_Fazilka,Fazilka,232,88,143,1,0,0,0,0,0,,
491,PB,Punjab,PB_Ferozepur,Ferozepur,296,114,176,6,0,0,0,0,0,,
492,PB,Punjab,PB_Gurdaspur,Gurdaspur,378,62,301,15,0,0,0,0,0,,
493,PB,Punjab,PB_Hoshiarpur,Hoshiarpur,493,221,259,13,0,0,0,0,0,,
494,PB,Punjab,PB_Jalandhar,Jalandhar,2009,775,1196,38,0,0,0,0,0,,
495,PB,Punjab,PB_Kapurthala,Kapurthala,201,60,132,9,0,0,0,0,0,,
496,PB,Punjab,PB_Ludhiana,Ludhiana,2415,660,1696,59,0,0,0,0,0,,
497,PB,Punjab,PB_Mansa,Mansa,103,40,63,0,0,0,0,0,0,,
498,PB,Punjab,PB_Moga,Moga,267,101,161,5,0,0,0,0,0,,
499,PB,Punjab,PB_Pathankot,Pathankot,323,49,263,11,0,0,0,0,0,,
500,PB,Punjab,PB_Patiala,Patiala,1377,622,735,20,0,0,0,0,0,,
501,PB,Punjab,PB_Rupnagar,Rupnagar,203,34,165,4,0,0,0,0,0,,
502,PB,Punjab,PB_S.A.S. Nagar,S.A.S. Nagar,707,234,459,14,0,0,0,0,0,,
503,PB,Punjab,PB_Sangrur,Sangrur,941,243,675,23,0,0,0,0,0,,
504,PB,Punjab,PB_Shahid Bhagat Singh Nagar,Shahid Bhagat Singh Nagar,295,58,234,3,0,0,0,0,0,,
505,PB,Punjab,PB_Sri Muktsar Sahib,Sri Muktsar Sahib,204,34,169,1,0,0,0,0,0,,
506,PB,Punjab,PB_Tarn Taran,Tarn Taran,277,50,221,6,0,0,0,0,0,,
481,PY,Puducherry,PY_Karaikal,Karaikal,153,32,119,2,0,0,-4,4,0,,
482,PY,Puducherry,PY_Mahe,Mahe,23,2,21,0,0,0,0,0,0,,
483,PY,Puducherry,PY_Puducherry,Puducherry,2588,1021,1528,39,0,85,10,72,3,"31 cases(26 of TN, 1 of AP and 4 other) have been transferred,so have been reduced from the total count.[July 18]4 cases have transferred to TN and have been reduced from recovered cases.",
484,PY,Puducherry,PY_Yanam,Yanam,108,53,53,2,0,0,0,0,0,"2 cases of AP have been transferred,so have been reduced from the total count",
507,RJ,Rajasthan,RJ_Ajmer,Ajmer,1560,635,888,37,0,43,41,0,2,,
508,RJ,Rajasthan,RJ_Alwar,Alwar,3044,1798,1232,14,0,130,130,0,0,,
509,RJ,Rajasthan,RJ_Banswara,Banswara,148,36,110,2,0,10,10,0,0,,
510,RJ,Rajasthan,RJ_Baran,Baran,119,40,74,5,0,6,6,0,0,,
511,RJ,Rajasthan,RJ_Barmer,Barmer,1220,543,667,10,0,25,25,0,0,,
512,RJ,Rajasthan,RJ_Bharatpur,Bharatpur,2380,324,2005,51,0,0,-7,5,2,,
513,RJ,Rajasthan,RJ_Bhilwara,Bhilwara,511,194,311,6,0,26,26,0,0,,
514,RJ,Rajasthan,RJ_Bikaner,Bikaner,1778,626,1119,33,0,0,-81,78,3,,
0,RJ,Rajasthan,RJ_BSF Camp,BSF Camp,59,7,52,0,0,0,0,0,0,,
515,RJ,Rajasthan,RJ_Bundi,Bundi,91,60,31,0,0,0,0,0,0,,
516,RJ,Rajasthan,RJ_Chittorgarh,Chittorgarh,233,17,210,6,0,0,0,0,0,,
517,RJ,Rajasthan,RJ_Churu,Churu,599,120,477,2,0,0,-19,19,0,,
518,RJ,Rajasthan,RJ_Dausa,Dausa,291,37,250,4,0,6,6,0,0,,
519,RJ,Rajasthan,RJ_Dholpur,Dholpur,1135,171,949,15,0,0,0,0,0,,
520,RJ,Rajasthan,RJ_Dungarpur,Dungarpur,565,55,509,1,0,0,0,0,0,,
0,RJ,Rajasthan,RJ_Evacuees,Evacuees,61,0,61,0,0,0,0,0,0,,
521,RJ,Rajasthan,RJ_Ganganagar,Ganganagar,160,81,76,3,0,16,16,0,0,,
522,RJ,Rajasthan,RJ_Hanumangarh,Hanumangarh,199,73,125,1,0,9,9,0,0,,
0,RJ,Rajasthan,RJ_Italians,Italians,2,0,2,0,0,0,0,0,0,,
523,RJ,Rajasthan,RJ_Jaipur,Jaipur,4910,1137,3591,182,0,36,36,0,0,,
524,RJ,Rajasthan,RJ_Jaisalmer,Jaisalmer,164,37,127,0,0,0,0,0,0,,
525,RJ,Rajasthan,RJ_Jalore,Jalore,1050,154,892,4,0,6,6,0,0,,
526,RJ,Rajasthan,RJ_Jhalawar,Jhalawar,491,85,406,0,0,0,0,0,0,,
527,RJ,Rajasthan,RJ_Jhunjhunu,Jhunjhunu,551,42,504,5,0,9,9,0,0,,
528,RJ,Rajasthan,RJ_Jodhpur,Jodhpur,6066,1770,4217,79,0,0,0,0,0,,
529,RJ,Rajasthan,RJ_Karauli,Karauli,301,136,160,5,0,0,0,0,0,,
530,RJ,Rajasthan,RJ_Kota,Kota,1381,463,885,33,0,50,34,16,0,,
531,RJ,Rajasthan,RJ_Nagaur,Nagaur,1317,306,988,23,0,38,38,0,0,,
0,RJ,Rajasthan,RJ_Other State,Other State,183,108,41,34,0,0,0,0,0,,
532,RJ,Rajasthan,RJ_Pali,Pali,2369,509,1836,24,0,0,0,0,0,,
533,RJ,Rajasthan,RJ_Pratapgarh,Pratapgarh,168,17,149,2,0,0,0,0,0,,
534,RJ,Rajasthan,RJ_Rajsamand,Rajsamand,522,88,429,5,0,0,0,0,0,,
535,RJ,Rajasthan,RJ_Sawai Madhopur,Sawai Madhopur,182,44,127,11,0,0,0,0,0,,
536,RJ,Rajasthan,RJ_Sikar,Sikar,890,158,724,8,0,25,25,0,0,,
537,RJ,Rajasthan,RJ_Sirohi,Sirohi,804,39,754,11,0,13,-36,49,0,,
538,RJ,Rajasthan,RJ_Tonk,Tonk,254,31,220,3,0,0,0,0,0,,
539,RJ,Rajasthan,RJ_Udaipur,Udaipur,1120,183,925,12,0,0,-2,2,0,,
540,SK,Sikkim,SK_East Sikkim,East Sikkim,359,271,74,1,13,0,0,0,0,13 migrated cases have been reduced from active count,
541,SK,Sikkim,SK_North Sikkim,North Sikkim,1,0,1,0,0,0,0,0,0,,
542,SK,Sikkim,SK_South Sikkim,South Sikkim,159,98,61,0,0,0,0,0,0,,
543,SK,Sikkim,SK_West Sikkim,West Sikkim,39,28,11,0,0,0,0,0,0,,
0,TG,Telangana,TG_Foreign Evacuees,Foreign Evacuees,33,33,0,0,0,0,0,0,0,,District-wise numbers are out-dated as cumulative counts for each district are not reported in Telangana bulletin
0,TG,Telangana,TG_Other State,Other State,250,250,0,0,0,0,0,0,0,,District-wise numbers are out-dated as cumulative counts for each district are not reported in Telangana bulletin
576,TG,Telangana,TG_Adilabad,Adilabad,205,190,15,0,0,28,28,0,0,,District-wise numbers are out-dated as cumulative counts for each district are not reported in Telangana bulletin
577,TG,Telangana,TG_Bhadradri Kothagudem,Bhadradri Kothagudem,166,162,4,0,0,10,10,0,0,,District-wise numbers are out-dated as cumulative counts for each district are not reported in Telangana bulletin
578,TG,Telangana,TG_Hyderabad,Hyderabad,36476,36148,305,23,0,506,506,0,0,,District-wise numbers are out-dated as cumulative counts for each district are not reported in Telangana bulletin
579,TG,Telangana,TG_Jagtial,Jagtial,177,175,2,0,0,18,18,0,0,,District-wise numbers are out-dated as cumulative counts for each district are not reported in Telangana bulletin
580,TG,Telangana,TG_Jangaon,Jangaon,228,227,1,0,0,10,10,0,0,,District-wise numbers are out-dated as cumulative counts for each district are not reported in Telangana bulletin
581,TG,Telangana,TG_Jayashankar Bhupalapally,Jayashankar Bhupalapally,187,187,0,0,0,10,10,0,0,,District-wise numbers are out-dated as cumulative counts for each district are not reported in Telangana bulletin
582,TG,Telangana,TG_Jogulamba Gadwal,Jogulamba Gadwal,182,156,25,1,0,32,32,0,0,,District-wise numbers are out-dated as cumulative counts for each district are not reported in Telangana bulletin
583,TG,Telangana,TG_Kamareddy,Kamareddy,465,457,8,0,0,17,17,0,0,,District-wise numbers are out-dated as cumulative counts for each district are not reported in Telangana bulletin
584,TG,Telangana,TG_Karimnagar,Karimnagar,1145,1129,16,0,0,91,91,0,0,,District-wise numbers are out-dated as cumulative counts for each district are not reported in Telangana bulletin
585,TG,Telangana,TG_Khammam,Khammam,328,325,3,0,0,20,20,0,0,,District-wise numbers are out-dated as cumulative counts for each district are not reported in Telangana bulletin
586,TG,Telangana,TG_Komaram Bheem,Komaram Bheem,58,56,2,0,0,0,0,0,0,,District-wise numbers are out-dated as cumulative counts for each district are not reported in Telangana bulletin
587,TG,Telangana,TG_Mahabubabad,Mahabubabad,335,334,1,0,0,34,34,0,0,,District-wise numbers are out-dated as cumulative counts for each district are not reported in Telangana bulletin
588,TG,Telangana,TG_Mahabubnagar,Mahabubnagar,466,458,8,0,0,8,8,0,0,,District-wise numbers are out-dated as cumulative counts for each district are not reported in Telangana bulletin
589,TG,Telangana,TG_Mancherial,Mancherial,251,250,0,1,0,14,14,0,0,,District-wise numbers are out-dated as cumulative counts for each district are not reported in Telangana bulletin
590,TG,Telangana,TG_Medak,Medak,464,460,4,0,0,17,17,0,0,,District-wise numbers are out-dated as cumulative counts for each district are not reported in Telangana bulletin
591,TG,Telangana,TG_Medchal Malkajgiri,Medchal Malkajgiri,2653,2643,9,1,0,86,86,0,0,,District-wise numbers are out-dated as cumulative counts for each district are not reported in Telangana bulletin
592,TG,Telangana,TG_Mulugu,Mulugu,121,119,2,0,0,12,12,0,0,,District-wise numbers are out-dated as cumulative counts for each district are not reported in Telangana bulletin
593,TG,Telangana,TG_Nagarkurnool,Nagarkurnool,355,353,2,0,0,19,19,0,0,,District-wise numbers are out-dated as cumulative counts for each district are not reported in Telangana bulletin
594,TG,Telangana,TG_Nalgonda,Nalgonda,808,796,12,0,0,28,28,0,0,,District-wise numbers are out-dated as cumulative counts for each district are not reported in Telangana bulletin
595,TG,Telangana,TG_Narayanpet,Narayanpet,57,56,0,1,0,2,2,0,0,,District-wise numbers are out-dated as cumulative counts for each district are not reported in Telangana bulletin
596,TG,Telangana,TG_Nirmal,Nirmal,58,45,13,0,0,0,0,0,0,,District-wise numbers are out-dated as cumulative counts for each district are not reported in Telangana bulletin
597,TG,Telangana,TG_Nizamabad,Nizamabad,568,538,30,0,0,41,41,0,0,,District-wise numbers are out-dated as cumulative counts for each district are not reported in Telangana bulletin
598,TG,Telangana,TG_Peddapalli,Peddapalli,314,313,1,0,0,0,0,0,0,,District-wise numbers are out-dated as cumulative counts for each district are not reported in Telangana bulletin
599,TG,Telangana,TG_Rajanna Sircilla,Rajanna Sircilla,334,332,2,0,0,19,19,0,0,,District-wise numbers are out-dated as cumulative counts for each district are not reported in Telangana bulletin
600,TG,Telangana,TG_Ranga Reddy,Ranga Reddy,4588,4569,17,2,0,168,168,0,0,,District-wise numbers are out-dated as cumulative counts for each district are not reported in Telangana bulletin
601,TG,Telangana,TG_Sangareddy,Sangareddy,1114,1108,6,0,0,98,98,0,0,,District-wise numbers are out-dated as cumulative counts for each district are not reported in Telangana bulletin
602,TG,Telangana,TG_Siddipet,Siddipet,192,191,1,0,0,12,12,0,0,,District-wise numbers are out-dated as cumulative counts for each district are not reported in Telangana bulletin
603,TG,Telangana,TG_Suryapet,Suryapet,463,439,24,0,0,32,32,0,0,,District-wise numbers are out-dated as cumulative counts for each district are not reported in Telangana bulletin
604,TG,Telangana,TG_Vikarabad,Vikarabad,228,212,15,1,0,2,2,0,0,,District-wise numbers are out-dated as cumulative counts for each district are not reported in Telangana bulletin
605,TG,Telangana,TG_Wanaparthy,Wanaparthy,189,189,0,0,0,9,9,0,0,,District-wise numbers are out-dated as cumulative counts for each district are not reported in Telangana bulletin
606,TG,Telangana,TG_Warangal Rural,Warangal Rural,358,358,0,0,0,8,8,0,0,,District-wise numbers are out-dated as cumulative counts for each district are not reported in Telangana bulletin
607,TG,Telangana,TG_Warangal Urban,Warangal Urban,1100,1077,23,0,0,111,111,0,0,,District-wise numbers are out-dated as cumulative counts for each district are not reported in Telangana bulletin
608,TG,Telangana,TG_Yadadri Bhuvanagiri,Yadadri Bhuvanagiri,159,159,0,0,0,11,11,0,0,,District-wise numbers are out-dated as cumulative counts for each district are not reported in Telangana bulletin
0,TN,Tamil Nadu,TN_Railway Quarantine,Railway Quarantine,425,2,423,0,0,0,-9,9,0,,
0,TN,Tamil Nadu,TN_Airport Quarantine,Airport Quarantine,1304,211,1092,1,0,11,-95,106,0,,
0,TN,Tamil Nadu,TN_Other State,Other State,0,-3,0,3,0,0,0,0,0,,
544,TN,Tamil Nadu,TN_Ariyalur,Ariyalur,876,152,720,4,0,49,23,26,0,,
732,TN,Tamil Nadu,TN_Chengalpattu,Chengalpattu,12717,3304,9180,233,0,451,163,282,6,,
545,TN,Tamil Nadu,TN_Chennai,Chennai,95857,13067,80761,2029,0,1162,-680,1821,21,[July 22]: 444 backdated deceased entries added to Chennai in TN bulletin.,
546,TN,Tamil Nadu,TN_Coimbatore,Coimbatore,3775,1602,2131,42,0,316,111,202,3,,
547,TN,Tamil Nadu,TN_Cuddalore,Cuddalore,2525,875,1629,21,0,110,76,34,0,,
548,TN,Tamil Nadu,TN_Dharmapuri,Dharmapuri,732,371,358,3,0,32,-25,57,0,,
549,TN,Tamil Nadu,TN_Dindigul,Dindigul,2451,723,1692,36,0,133,123,9,1,,
550,TN,Tamil Nadu,TN_Erode,Erode,645,184,453,8,0,27,17,10,0,,
734,TN,Tamil Nadu,TN_Kallakurichi,Kallakurichi,3303,1092,2190,21,0,238,157,79,2,,
551,TN,Tamil Nadu,TN_Kancheepuram,Kancheepuram,7527,2891,4542,94,0,366,251,110,5,,
552,TN,Tamil Nadu,TN_Kanyakumari,Kanyakumari,3849,1853,1964,32,0,239,72,167,0,,
553,TN,Tamil Nadu,TN_Karur,Karur,371,158,204,9,0,7,0,7,0,,
554,TN,Tamil Nadu,TN_Krishnagiri,Krishnagiri,776,416,346,14,0,60,51,9,0,,
555,TN,Tamil Nadu,TN_Madurai,Madurai,10057,2032,7809,216,0,252,80,166,6,,
556,TN,Tamil Nadu,TN_Nagapattinam,Nagapattinam,587,258,325,4,0,22,10,11,1,,
557,TN,Tamil Nadu,TN_Namakkal,Namakkal,556,286,265,5,0,36,15,21,0,,
564,TN,Tamil Nadu,TN_Nilgiris,Nilgiris,731,215,514,2,0,39,5,34,0,,
558,TN,Tamil Nadu,TN_Perambalur,Perambalur,343,113,227,3,0,21,11,10,0,,
559,TN,Tamil Nadu,TN_Pudukkottai,Pudukkottai,1715,690,1004,21,0,98,25,73,0,,
560,TN,Tamil Nadu,TN_Ramanathapuram,Ramanathapuram,3094,790,2245,59,0,54,-5,57,2,,
733,TN,Tamil Nadu,TN_Ranipet,Ranipet,4107,1877,2201,29,0,273,-125,397,1,,
561,TN,Tamil Nadu,TN_Salem,Salem,3185,975,2185,25,0,184,81,101,2,,
562,TN,Tamil Nadu,TN_Sivaganga,Sivaganga,2123,502,1586,35,0,44,-129,171,2,,
731,TN,Tamil Nadu,TN_Tenkasi,Tenkasi,1794,910,869,15,0,112,109,0,3,,
563,TN,Tamil Nadu,TN_Thanjavur,Thanjavur,2160,967,1175,18,0,115,4,111,0,,
565,TN,Tamil Nadu,TN_Theni,Theni,4053,1962,2042,49,0,280,221,58,1,,
566,TN,Tamil Nadu,TN_Thiruvallur,Thiruvallur,12320,3998,8108,214,0,444,227,211,6,,
567,TN,Tamil Nadu,TN_Thiruvarur,Thiruvarur,1416,577,838,1,0,67,7,60,0,,
568,TN,Tamil Nadu,TN_Thoothukkudi,Thoothukkudi,5896,2439,3428,29,0,354,125,229,0,,
569,TN,Tamil Nadu,TN_Tiruchirappalli,Tiruchirappalli,3604,1311,2234,59,0,184,110,73,1,,
570,TN,Tamil Nadu,TN_Tirunelveli,Tirunelveli,3963,1438,2500,25,0,190,37,153,0,,
735,TN,Tamil Nadu,TN_Tirupathur,Tirupathur,958,404,544,10,0,51,34,16,1,,
571,TN,Tamil Nadu,TN_Tiruppur,Tiruppur,737,343,387,7,0,37,29,7,1,,
572,TN,Tamil Nadu,TN_Tiruvannamalai,Tiruvannamalai,5376,1432,3893,51,0,267,267,0,0,,
573,TN,Tamil Nadu,TN_Vellore,Vellore,5236,1195,3992,49,0,186,24,156,6,,
574,TN,Tamil Nadu,TN_Viluppuram,Viluppuram,3270,963,2275,32,0,139,87,52,0,,
575,TN,Tamil Nadu,TN_Virudhunagar,Virudhunagar,6302,2321,3918,63,0,343,-291,628,6,,
609,TR,Tripura,TR_Dhalai,Dhalai,585,281,301,2,1,0,0,0,0,,
610,TR,Tripura,TR_Gomati,Gomati,630,256,370,3,1,0,0,0,0,,
611,TR,Tripura,TR_Khowai,Khowai,312,84,225,3,0,0,0,0,0,,
612,TR,Tripura,TR_North Tripura,North Tripura,279,165,107,1,6,0,0,0,0,,
613,TR,Tripura,TR_Sipahijala,Sipahijala,961,262,698,1,0,0,0,0,0,,
614,TR,Tripura,TR_South Tripura,South Tripura,277,89,184,1,3,0,0,0,0,,
615,TR,Tripura,TR_Unokoti,Unokoti,117,24,93,0,0,0,0,0,0,,
616,TR,Tripura,TR_West Tripura,West Tripura,758,365,384,2,7,0,0,0,0,,
617,UP,Uttar Pradesh,UP_Agra,Agra,1667,201,1367,99,0,38,22,16,0,,
618,UP,Uttar Pradesh,UP_Aligarh,Aligarh,1190,534,630,26,0,38,-17,55,0,,
619,UP,Uttar Pradesh,UP_Ambedkar Nagar,Ambedkar Nagar,190,51,132,7,0,11,10,0,1,,
620,UP,Uttar Pradesh,UP_Amethi,Amethi,403,55,346,2,0,19,19,0,0,,
621,UP,Uttar Pradesh,UP_Amroha,Amroha,473,173,290,10,0,49,47,2,0,,
622,UP,Uttar Pradesh,UP_Auraiya,Auraiya,320,162,156,2,0,32,31,1,0,,
765,UP,Uttar Pradesh,UP_Ayodhya,Ayodhya,875,283,580,12,0,34,19,15,0,,
623,UP,Uttar Pradesh,UP_Azamgarh,Azamgarh,708,325,372,11,0,57,53,4,0,,
624,UP,Uttar Pradesh,UP_Baghpat,Baghpat,594,74,508,12,0,8,-2,10,0,,
625,UP,Uttar Pradesh,UP_Bahraich,Bahraich,355,159,192,4,0,49,47,2,0,,
626,UP,Uttar Pradesh,UP_Ballia,Ballia,1429,714,699,16,0,39,1,38,0,,
627,UP,Uttar Pradesh,UP_Balrampur,Balrampur,195,70,119,6,0,4,2,2,0,,
628,UP,Uttar Pradesh,UP_Banda,Banda,258,107,150,1,0,14,14,0,0,,
629,UP,Uttar Pradesh,UP_Barabanki,Barabanki,966,253,705,8,0,61,50,11,0,,
630,UP,Uttar Pradesh,UP_Bareilly,Bareilly,1502,975,486,41,0,114,95,18,1,,
631,UP,Uttar Pradesh,UP_Basti,Basti,770,319,431,20,0,50,48,2,0,,
632,UP,Uttar Pradesh,UP_Bhadohi,Bhadohi,432,214,213,5,0,33,29,3,1,,
633,UP,Uttar Pradesh,UP_Bijnor,Bijnor,654,152,494,8,0,16,5,11,0,,
634,UP,Uttar Pradesh,UP_Budaun,Budaun,338,73,262,3,0,5,-14,19,0,,
635,UP,Uttar Pradesh,UP_Bulandshahr,Bulandshahr,1256,257,969,30,0,52,26,26,0,,
636,UP,Uttar Pradesh,UP_Chandauli,Chandauli,788,311,470,7,0,50,18,32,0,,
637,UP,Uttar Pradesh,UP_Chitrakoot,Chitrakoot,175,67,106,2,0,18,17,1,0,,
638,UP,Uttar Pradesh,UP_Deoria,Deoria,836,255,572,9,0,27,-24,50,1,,
639,UP,Uttar Pradesh,UP_Etah,Etah,277,141,126,10,0,4,2,2,0,,
640,UP,Uttar Pradesh,UP_Etawah,Etawah,635,191,422,22,0,36,14,22,0,,
642,UP,Uttar Pradesh,UP_Farrukhabad,Farrukhabad,421,106,304,11,0,28,26,1,1,,
643,UP,Uttar Pradesh,UP_Fatehpur,Fatehpur,378,130,240,8,0,13,4,8,1,,
644,UP,Uttar Pradesh,UP_Firozabad,Firozabad,676,79,556,41,0,11,3,8,0,,
645,UP,Uttar Pradesh,UP_Gautam Buddha Nagar,Gautam Buddha Nagar,4792,692,4060,40,0,44,-81,125,0,,
646,UP,Uttar Pradesh,UP_Ghaziabad,Ghaziabad,4639,947,3628,64,0,20,15,5,0,,
647,UP,Uttar Pradesh,UP_Ghazipur,Ghazipur,922,376,536,10,0,130,102,27,1,,
648,UP,Uttar Pradesh,UP_Gonda,Gonda,476,203,261,12,0,64,49,14,1,,
649,UP,Uttar Pradesh,UP_Gorakhpur,Gorakhpur,1640,849,751,40,0,76,68,7,1,,
650,UP,Uttar Pradesh,UP_Hamirpur,Hamirpur,265,114,145,6,0,49,49,0,0,,
651,UP,Uttar Pradesh,UP_Hapur,Hapur,1154,177,958,19,0,78,70,8,0,,
652,UP,Uttar Pradesh,UP_Hardoi,Hardoi,906,349,548,9,0,95,82,13,0,,
653,UP,Uttar Pradesh,UP_Hathras,Hathras,251,32,215,4,0,4,3,1,0,,
654,UP,Uttar Pradesh,UP_Jalaun,Jalaun,307,77,221,9,0,40,39,1,0,,
655,UP,Uttar Pradesh,UP_Jaunpur,Jaunpur,1463,650,798,15,0,116,87,29,0,,
656,UP,Uttar Pradesh,UP_Jhansi,Jhansi,2001,983,958,60,0,59,0,56,3,,
657,UP,Uttar Pradesh,UP_Kannauj,Kannauj,651,223,422,6,0,58,38,19,1,,
658,UP,Uttar Pradesh,UP_Kanpur Dehat,Kanpur Dehat,191,104,85,2,0,17,17,0,0,,
659,UP,Uttar Pradesh,UP_Kanpur Nagar,Kanpur Nagar,3965,1985,1803,177,0,248,194,49,5,,
660,UP,Uttar Pradesh,UP_Kasganj,Kasganj,365,155,209,1,0,10,-12,22,0,,
661,UP,Uttar Pradesh,UP_Kaushambi,Kaushambi,318,53,263,2,0,15,11,4,0,,
663,UP,Uttar Pradesh,UP_Kushinagar,Kushinagar,518,217,294,7,0,10,8,2,0,,
662,UP,Uttar Pradesh,UP_Lakhimpur Kheri,Lakhimpur Kheri,343,153,189,1,0,27,21,6,0,,
664,UP,Uttar Pradesh,UP_Lalitpur,Lalitpur,265,248,13,4,0,25,25,0,0,,
665,UP,Uttar Pradesh,UP_Lucknow,Lucknow,6620,3497,3043,80,0,313,287,20,6,,
667,UP,Uttar Pradesh,UP_Maharajganj,Maharajganj,524,191,327,6,0,27,9,18,0,,
666,UP,Uttar Pradesh,UP_Mahoba,Mahoba,226,93,130,3,0,4,4,0,0,,
668,UP,Uttar Pradesh,UP_Mainpuri,Mainpuri,667,177,478,12,0,15,-15,30,0,,
669,UP,Uttar Pradesh,UP_Mathura,Mathura,792,233,531,28,0,27,14,13,0,,
670,UP,Uttar Pradesh,UP_Mau,Mau,433,129,298,6,0,6,-7,13,0,,
671,UP,Uttar Pradesh,UP_Meerut,Meerut,2097,383,1609,105,0,39,37,2,0,,
672,UP,Uttar Pradesh,UP_Mirzapur,Mirzapur,442,157,275,10,0,31,28,3,0,,
673,UP,Uttar Pradesh,UP_Moradabad,Moradabad,1355,444,861,50,0,32,-10,41,1,,
674,UP,Uttar Pradesh,UP_Muzaffarnagar,Muzaffarnagar,725,204,502,19,0,44,5,38,1,,
675,UP,Uttar Pradesh,UP_Pilibhit,Pilibhit,487,276,209,2,0,43,42,1,0,,
676,UP,Uttar Pradesh,UP_Pratapgarh,Pratapgarh,265,101,154,10,0,19,13,6,0,,
677,UP,Uttar Pradesh,UP_Prayagraj,Prayagraj,1745,944,753,48,0,162,126,35,1,,
678,UP,Uttar Pradesh,UP_Rae Bareli,Rae Bareli,486,303,177,6,0,25,15,10,0,,
679,UP,Uttar Pradesh,UP_Rampur,Rampur,783,271,498,14,0,67,66,1,0,,
680,UP,Uttar Pradesh,UP_Saharanpur,Saharanpur,855,261,587,7,0,39,22,16,1,,
681,UP,Uttar Pradesh,UP_Sambhal,Sambhal,899,173,709,17,0,14,3,11,0,,
682,UP,Uttar Pradesh,UP_Sant Kabir Nagar,Sant Kabir Nagar,764,226,529,9,0,40,9,31,0,,
683,UP,Uttar Pradesh,UP_Shahjahanpur,Shahjahanpur,799,482,315,2,0,139,131,7,1,,
684,UP,Uttar Pradesh,UP_Shamli,Shamli,408,139,263,6,0,18,12,6,0,,
685,UP,Uttar Pradesh,UP_Shrawasti,Shrawasti,117,22,93,2,0,10,9,1,0,,
686,UP,Uttar Pradesh,UP_Siddharthnagar,Siddharthnagar,632,244,377,11,0,73,35,38,0,,
687,UP,Uttar Pradesh,UP_Sitapur,Sitapur,264,162,101,1,0,19,6,13,0,,
688,UP,Uttar Pradesh,UP_Sonbhadra,Sonbhadra,437,178,259,0,0,16,-16,32,0,,
689,UP,Uttar Pradesh,UP_Sultanpur,Sultanpur,550,162,374,14,0,29,8,21,0,,
690,UP,Uttar Pradesh,UP_Unnao,Unnao,655,341,301,13,0,14,9,5,0,,
691,UP,Uttar Pradesh,UP_Varanasi,Varanasi,2273,1393,826,54,0,145,111,33,1,,
692,UT,Uttarakhand,UT_Almora,Almora,267,62,202,2,1,0,0,0,0,,
693,UT,Uttarakhand,UT_Bageshwar,Bageshwar,98,3,94,1,0,0,0,0,0,,
694,UT,Uttarakhand,UT_Chamoli,Chamoli,83,2,81,0,0,0,0,0,0,,
695,UT,Uttarakhand,UT_Champawat,Champawat,96,26,69,1,0,0,0,0,0,,
696,UT,Uttarakhand,UT_Dehradun,Dehradun,1437,440,934,37,26,0,0,0,0,,
697,UT,Uttarakhand,UT_Haridwar,Haridwar,1129,762,358,1,8,0,0,0,0,,
698,UT,Uttarakhand,UT_Nainital,Nainital,931,381,541,8,1,0,0,0,0,,
699,UT,Uttarakhand,UT_Pauri Garhwal,Pauri Garhwal,199,30,164,4,1,0,0,0,0,,
700,UT,Uttarakhand,UT_Pithoragarh,Pithoragarh,105,35,70,0,0,0,0,0,0,,
701,UT,Uttarakhand,UT_Rudraprayag,Rudraprayag,69,2,66,1,0,0,0,0,0,,
702,UT,Uttarakhand,UT_Tehri Garhwal,Tehri Garhwal,497,41,454,2,0,0,0,0,0,,
703,UT,Uttarakhand,UT_Udham Singh Nagar,Udham Singh Nagar,1025,587,432,5,1,0,0,0,0,,
704,UT,Uttarakhand,UT_Uttarkashi,Uttarkashi,168,66,101,1,0,0,0,0,0,,
705,WB,West Bengal,WB_Alipurduar,Alipurduar,267,50,216,1,0,0,0,0,0,,
706,WB,West Bengal,WB_Bankura,Bankura,527,157,370,0,0,0,0,0,0,,
707,WB,West Bengal,WB_Birbhum,Birbhum,456,103,349,4,0,0,0,0,0,,
708,WB,West Bengal,WB_Cooch Behar,Cooch Behar,551,150,400,1,0,0,0,0,0,,
709,WB,West Bengal,WB_Dakshin Dinajpur,Dakshin Dinajpur,999,227,767,5,0,0,0,0,0,,
710,WB,West Bengal,WB_Darjeeling,Darjeeling,1805,564,1224,17,0,0,0,0,0,,
711,WB,West Bengal,WB_Hooghly,Hooghly,2877,952,1872,53,0,0,0,0,0,,
712,WB,West Bengal,WB_Howrah,Howrah,6753,2011,4564,178,0,0,0,0,0,,
713,WB,West Bengal,WB_Jalpaiguri,Jalpaiguri,1140,397,734,9,0,0,0,0,0,,
714,WB,West Bengal,WB_Jhargram,Jhargram,28,0,28,0,0,0,0,0,0,,
715,WB,West Bengal,WB_Kalimpong,Kalimpong,82,18,63,1,0,0,0,0,0,,
716,WB,West Bengal,WB_Kolkata,Kolkata,18201,6166,11349,686,0,0,0,0,0,,
717,WB,West Bengal,WB_Malda,Malda,2053,370,1674,9,0,0,0,0,0,,
719,WB,West Bengal,WB_Murshidabad,Murshidabad,645,183,455,7,0,0,0,0,0,,
720,WB,West Bengal,WB_Nadia,Nadia,808,271,528,9,0,0,0,0,0,,
721,WB,West Bengal,WB_North 24 Parganas,North 24 Parganas,12408,4702,7432,274,0,0,0,0,0,,
0,WB,West Bengal,WB_Other State,Other State,66,0,63,3,0,0,0,0,0,,
722,WB,West Bengal,WB_Paschim Bardhaman,Paschim Bardhaman,645,332,305,8,0,0,0,0,0,,
718,WB,West Bengal,WB_Paschim Medinipur,Paschim Medinipur,990,283,694,13,0,0,0,0,0,,
723,WB,West Bengal,WB_Purba Bardhaman,Purba Bardhaman,633,256,373,4,0,0,0,0,0,,
724,WB,West Bengal,WB_Purba Medinipur,Purba Medinipur,1305,558,736,11,0,0,0,0,0,,
725,WB,West Bengal,WB_Purulia,Purulia,174,52,122,0,0,0,0,0,0,,
726,WB,West Bengal,WB_South 24 Parganas,South 24 Parganas,4442,1469,2900,73,0,0,0,0,0,,
727,WB,West Bengal,WB_Uttar Dinajpur,Uttar Dinajpur,863,324,533,6,0,0,0,0,0,,
728,AN,Andaman and Nicobar Islands,AN_Unknown,Unknown,272,122,149,0,1,0,0,0,0,,
729,AP,Andhra Pradesh,AP_Unknown,Unknown,0,0,0,0,0,0,0,0,0,,
730,AR,Arunachal Pradesh,AR_Unknown,Unknown,0,0,0,0,0,0,0,0,0,,
731,AS,Assam,AS_Unknown,Unknown,372,-2963,3332,0,3,0,0,0,0,,
732,BR,Bihar,BR_Unknown,Unknown,0,0,0,0,0,0,0,0,0,,
733,CH,Chandigarh,CH_Unknown,Unknown,0,0,0,0,0,0,0,0,0,,
734,CT,Chhattisgarh,CT_Unknown,Unknown,0,0,0,0,0,0,0,0,0,,
735,DN,Dadra and Nagar Haveli and Daman and Diu,DN_Unknown,Unknown,0,0,0,0,0,0,0,0,0,,
737,DL,Delhi,DL_Unknown,Unknown,130431,10207,116372,3852,0,0,0,0,0,,
738,GA,Goa,GA_Unknown,Unknown,2170,124,2045,1,0,0,0,0,0,,
739,GJ,Gujarat,GJ_Unknown,Unknown,0,0,0,0,0,0,0,0,0,,
740,HR,Haryana,HR_Unknown,Unknown,0,0,0,0,0,0,0,0,0,,
741,HP,Himachal Pradesh,HP_Unknown,Unknown,0,0,0,0,0,0,0,0,0,,
742,JK,Jammu and Kashmir,JK_Unknown,Unknown,0,0,0,0,0,0,0,0,0,,
743,JH,Jharkhand,JH_Unknown,Unknown,0,0,0,0,0,0,0,0,0,,
744,KA,Karnataka,KA_Unknown,Unknown,0,0,0,0,0,0,0,0,0,,
745,KL,Kerala,KL_Unknown,Unknown,0,0,0,0,0,0,0,0,0,,
746,LA,Ladakh,LA_Unknown,Unknown,0,0,0,0,0,0,0,0,0,,
747,LD,Lakshadweep,LD_Unknown,Unknown,0,0,0,0,0,0,0,0,0,,
748,MP,Madhya Pradesh,MP_Unknown,Unknown,0,0,0,0,0,0,0,0,0,,
749,MH,Maharashtra,MH_Unknown,Unknown,0,0,0,0,0,0,0,0,0,,
750,MN,Manipur,MN_Unknown,Unknown,27,-1101,1128,0,0,0,0,0,0,,
751,ML,Meghalaya,ML_Unknown,Unknown,14,0,14,0,0,0,0,0,0,,
752,MZ,Mizoram,MZ_Unknown,Unknown,0,0,0,0,0,0,0,0,0,,
753,NL,Nagaland,NL_Unknown,Unknown,0,-21,20,1,0,0,0,0,0,,
754,OR,Odisha,OR_Unknown,Unknown,0,0,0,0,0,0,0,0,0,,
755,PY,Puducherry,PY_Unknown,Unknown,0,0,0,0,0,0,0,0,0,,
756,PB,Punjab,PB_Unknown,Unknown,0,0,0,0,0,0,0,0,0,,
757,RJ,Rajasthan,RJ_Unknown,Unknown,0,0,0,0,0,0,0,0,0,,
758,SK,Sikkim,SK_Unknown,Unknown,0,0,0,0,0,0,0,0,0,,
759,TN,Tamil Nadu,TN_Unknown,Unknown,0,0,0,0,0,0,0,0,0,,
760,TG,Telangana,TG_Unknown,Unknown,457,-41539,41555,441,0,0,0,0,0,,
761,TR,Tripura,TR_Unknown,Unknown,0,0,0,0,0,0,0,0,0,,
762,UP,Uttar Pradesh,UP_Unknown,Unknown,0,0,0,0,0,0,0,0,0,,
763,UT,Uttarakhand,UT_Unknown,Unknown,0,0,0,0,0,0,0,0,0,,
764,WB,West Bengal,WB_Unknown,Unknown,0,0,0,0,0,0,0,0,0,,