Entry_ID,State Patient Number,Date Announced,Age Bracket,Gender,Detected City,Detected District,Detected State,State code,Num Cases,Current Status,Contracted from which Patient (Suspected),Notes,Source_1,Source_2,Source_3,Nationality,Type of transmission,Status Change Date,Patient Number
196658,,23/07/2020,,,,Aizawl,Mizoram,MZ,7,Hospitalized,,,https://twitter.com/dipr_mizoram/status/1286114571321659392,https://twitter.com/dipr_mizoram/status/1286114595673788417,,,,,
196659,,23/07/2020,,,,Champhai,Mizoram,MZ,1,Hospitalized,,,https://twitter.com/dipr_mizoram/status/1286114571321659392,https://twitter.com/dipr_mizoram/status/1286114595673788417,,,,,
196660,,23/07/2020,,,,Kolasib,Mizoram,MZ,1,Hospitalized,,,https://twitter.com/dipr_mizoram/status/1286114571321659392,https://twitter.com/dipr_mizoram/status/1286114595673788417,,,,,
196661,,23/07/2020,,,,Angul,Odisha,OR,7,Hospitalized,,,https://twitter.com/IPR_Odisha/status/1286175406991634437,,,,,,
196662,,23/07/2020,,,,Balasore,Odisha,OR,9,Hospitalized,,,https://twitter.com/IPR_Odisha/status/1286175406991634437,,,,,,
196663,,23/07/2020,,,,Bargarh,Odisha,OR,24,Hospitalized,,,https://twitter.com/IPR_Odisha/status/1286175406991634437,,,,,,
196664,,23/07/2020,,,,Bhadrak,Odisha,OR,30,Hospitalized,,,https://twitter.com/IPR_Odisha/status/1286175406991634437,,,,,,
196665,,23/07/2020,,,,Balangir,Odisha,OR,1,Hospitalized,,,https://twitter.com/IPR_Odisha/status/1286175406991634437,,,,,,
196666,,23/07/2020,,,,Boudh,Odisha,OR,2,Hospitalized,,,https://twitter.com/IPR_Odisha/status/1286175406991634437,,,,,,
196667,,23/07/2020,,,,Cuttack,Odisha,OR,47,Hospitalized,,,https://twitter.com/IPR_Odisha/status/1286175406991634437,,,,,,
196668,,23/07/2020,,,,Dhenkanal,Odisha,OR,6,Hospitalized,,,https://twitter.com/IPR_Odisha/status/1286175406991634437,,,,,,
196669,,23/07/2020,,,,Gajapati,Odisha,OR,74,Hospitalized,,,https://twitter.com/IPR_Odisha/status/1286175406991634437,,,,,,
196670,,23/07/2020,,,,Ganjam,Odisha,OR,540,Hospitalized,,,https://twitter.com/IPR_Odisha/status/1286175406991634437,,,,,,
196671,,23/07/2020,,,,Jagatsinghpur,Odisha,OR,4,Hospitalized,,,https://twitter.com/IPR_Odisha/status/1286175406991634437,,,,,,
196672,,23/07/2020,,,,Jajpur,Odisha,OR,17,Hospitalized,,,https://twitter.com/IPR_Odisha/status/1286175406991634437,,,,,,
196673,,23/07/2020,,,,Jharsuguda,Odisha,OR,3,Hospitalized,,,https://twitter.com/IPR_Odisha/status/1286175406991634437,,,,,,
196674,,23/07/2020,,,,Kalahandi,Odisha,OR,7,Hospitalized,,,https://twitter.com/IPR_Odisha/status/1286175406991634437,,,,,,
196675,,23/07/2020,,,,Kandhamal,Odisha,OR,29,Hospitalized,,,https://twitter.com/IPR_Odisha/status/1286175406991634437,,,,,,
196676,,23/07/2020,,,,Kendrapara,Odisha,OR,8,Hospitalized,,,https://twitter.com/IPR_Odisha/status/1286175406991634437,,,,,,
196677,,23/07/2020,,,,Kendujhar,Odisha,OR,25,Hospitalized,,,https://twitter.com/IPR_Odisha/status/1286175406991634437,,,,,,
196678,,23/07/2020,,,,Khordha,Odisha,OR,137,Hospitalized,,,https://twitter.com/IPR_Odisha/status/1286175406991634437,,,,,,
196679,,23/07/2020,,,,Koraput,Odisha,OR,27,Hospitalized,,,https://twitter.com/IPR_Odisha/status/1286175406991634437,,,,,,
196680,,23/07/2020,,,,Mayurbhanj,Odisha,OR,15,Hospitalized,,,https://twitter.com/IPR_Odisha/status/1286175406991634437,,,,,,
196681,,23/07/2020,,,,Nabarangapur,Odisha,OR,4,Hospitalized,,,https://twitter.com/IPR_Odisha/status/1286175406991634437,,,,,,
196682,,23/07/2020,,,,Nayagarh,Odisha,OR,61,Hospitalized,,,https://twitter.com/IPR_Odisha/status/1286175406991634437,,,,,,
196683,,23/07/2020,,,,Nuapada,Odisha,OR,1,Hospitalized,,,https://twitter.com/IPR_Odisha/status/1286175406991634437,,,,,,
196684,,23/07/2020,,,,Puri,Odisha,OR,22,Hospitalized,,,https://twitter.com/IPR_Odisha/status/1286175406991634437,,,,,,
196685,,23/07/2020,,,,Rayagada,Odisha,OR,84,Hospitalized,,,https://twitter.com/IPR_Odisha/status/1286175406991634437,,,,,,
196686,,23/07/2020,,,,Sambalpur,Odisha,OR,20,Hospitalized,,,https://twitter.com/IPR_Odisha/status/1286175406991634437,,,,,,
196687,,23/07/2020,,,,Sundargarh,Odisha,OR,60,Hospitalized,,,https://twitter.com/IPR_Odisha/status/1286175406991634437,,,,,,
196688,,23/07/2020,,,,Ajmer,Rajasthan,RJ,30,Hospitalized,,,https://twitter.com/DDNewsRajasthan/status/1286168726920810496,,,,,,
196689,,23/07/2020,,,,Alwar,Rajasthan,RJ,92,Hospitalized,,,https://twitter.com/DDNewsRajasthan/status/1286168726920810496,,,,,,
196690,,23/07/2020,,,,Banswara,Rajasthan,RJ,3,Hospitalized,,,https://twitter.com/DDNewsRajasthan/status/1286168726920810496,,,,,,
196691,,23/07/2020,,,,Baran,Rajasthan,RJ,10,Hospitalized,,,https://twitter.com/DDNewsRajasthan/status/1286168726920810496,,,,,,
196692,,23/07/2020,,,,Dausa,Rajasthan,RJ,1,Hospitalized,,,https://twitter.com/DDNewsRajasthan/status/1286168726920810496,,,,,,
196693,,23/07/2020,,,,Ganganagar,Rajasthan,RJ,1,Hospitalized,,,https://twitter.com/DDNewsRajasthan/status/1286168726920810496,,,,,,
196694,,23/07/2020,,,,Jaipur,Rajasthan,RJ,51,Hospitalized,,,https://twitter.com/DDNewsRajasthan/status/1286168726920810496,,,,,,
196695,,23/07/2020,,,,Jhalawar,Rajasthan,RJ,1,Hospitalized,,,https://twitter.com/DDNewsRajasthan/status/1286168726920810496,,,,,,
196696,,23/07/2020,,,,Jhunjhunu,Rajasthan,RJ,1,Hospitalized,,,https://twitter.com/DDNewsRajasthan/status/1286168726920810496,,,,,,
196697,,23/07/2020,,,,Jodhpur,Rajasthan,RJ,105,Hospitalized,,,https://twitter.com/DDNewsRajasthan/status/1286168726920810496,,,,,,
196698,,23/07/2020,,,,Kota,Rajasthan,RJ,41,Hospitalized,,,https://twitter.com/DDNewsRajasthan/status/1286168726920810496,,,,,,
196699,,23/07/2020,,,,Sawai Madhopur,Rajasthan,RJ,3,Hospitalized,,,https://twitter.com/DDNewsRajasthan/status/1286168726920810496,,,,,,
196700,,23/07/2020,,,,Ajmer,Rajasthan,RJ,28,Recovered,,,https://twitter.com/DDNewsRajasthan/status/1286168726920810496,,,,,,
196701,,23/07/2020,,,,Banswara,Rajasthan,RJ,6,Recovered,,,https://twitter.com/DDNewsRajasthan/status/1286168726920810496,,,,,,
196702,,23/07/2020,,,,Baran,Rajasthan,RJ,1,Recovered,,,https://twitter.com/DDNewsRajasthan/status/1286168726920810496,,,,,,
196703,,23/07/2020,,,,Bharatpur,Rajasthan,RJ,15,Recovered,,,https://twitter.com/DDNewsRajasthan/status/1286168726920810496,,,,,,
196704,,23/07/2020,,,,Bikaner,Rajasthan,RJ,63,Recovered,,,https://twitter.com/DDNewsRajasthan/status/1286168726920810496,,,,,,
196705,,23/07/2020,,,,Dausa,Rajasthan,RJ,1,Recovered,,,https://twitter.com/DDNewsRajasthan/status/1286168726920810496,,,,,,
196706,,23/07/2020,,,,Ganganagar,Rajasthan,RJ,2,Recovered,,,https://twitter.com/DDNewsRajasthan/status/1286168726920810496,,,,,,
196707,,23/07/2020,,,,Hanumangarh,Rajasthan,RJ,4,Recovered,,,https://twitter.com/DDNewsRajasthan/status/1286168726920810496,,,,,,
196708,,23/07/2020,,,,Jhunjhunu,Rajasthan,RJ,14,Recovered,,,https://twitter.com/DDNewsRajasthan/status/1286168726920810496,,,,,,
196709,,23/07/2020,,,,Jalore,Rajasthan,RJ,1,Deceased,,,https://twitter.com/DDNewsRajasthan/status/1286168726920810496,,,,,,
196710,,23/07/2020,,,,Jodhpur,Rajasthan,RJ,1,Deceased,,,https://twitter.com/DDNewsRajasthan/status/1286168726920810496,,,,,,
196711,,23/07/2020,,,,Nagaur,Rajasthan,RJ,1,Deceased,,,https://twitter.com/DDNewsRajasthan/status/1286168726920810496,,,,,,
196712,,23/07/2020,,,,Pali,Rajasthan,RJ,2,Deceased,,,https://twitter.com/DDNewsRajasthan/status/1286168726920810496,,,,,,
196713,,23/07/2020,41,M,,Ganjam,Odisha,OR,1,Deceased,,Was also suffering from Hypertension.,https://twitter.com/HFWOdisha/status/1286179767297798144,,,,,,
196714,,23/07/2020,86,F,,Khordha,Odisha,OR,1,Deceased,,Was also suffering from Diabetes and Hypertension.,https://twitter.com/HFWOdisha/status/1286179767297798144,,,,,,
196715,,23/07/2020,63,M,,Ganjam,Odisha,OR,1,Deceased,,Was also suffering from Hypertension.,https://twitter.com/HFWOdisha/status/1286179767297798144,,,,,,
196716,,23/07/2020,51,F,,Ganjam,Odisha,OR,1,Deceased,,Was also suffering from Diabetes and Diabetic Ketoacidosis.,https://twitter.com/HFWOdisha/status/1286179767297798144,,,,,,
196717,,23/07/2020,69,M,,Ganjam,Odisha,OR,1,Deceased,,,https://twitter.com/HFWOdisha/status/1286179767297798144,,,,,,
196718,,19/07/2020,,,,,State Unassigned,UN,150,Hospitalized,,,https://www.mohfw.gov.in/,,,,,,
196719,,19/07/2020,,,,Unassigned,State Unassigned,UN,-150,Hospitalized,,,https://www.mohfw.gov.in/,,,,,,
196720,,23/07/2020,57,M,,Ganjam,Odisha,OR,1,Deceased,,Was also suffering from Diabetes and Hypertension.,https://twitter.com/HFWOdisha/status/1286179767297798144,,,,,,
196721,,10/03/2020,,,,Ernakulam,Kerala,KL,-1,Hospitalized,,,http://dhs.kerala.gov.in/wp-content/uploads/2020/07/Bulletin-HFWD-English-July-22.pdf,,,,,,
196722,,10/03/2020,,,,Ernakulam,Kerala,KL,-1,Hospitalized,,,http://dhs.kerala.gov.in/wp-content/uploads/2020/07/Bulletin-HFWD-English-July-22.pdf,,,,,,
196723,,10/03/2020,,,,Kannur,Kerala,KL,1,Hospitalized,,,http://dhs.kerala.gov.in/wp-content/uploads/2020/07/Bulletin-HFWD-English-July-22.pdf,,,,,,
196724,,10/03/2020,,,,Kannur,Kerala,KL,1,Hospitalized,,,http://dhs.kerala.gov.in/wp-content/uploads/2020/07/Bulletin-HFWD-English-July-22.pdf,,,,,,
196725,,23/07/2020,,,,Puducherry,Puducherry,PY,119,Hospitalized,,,https://t.me/indiacovid/11172,,,,,,
196726,,23/07/2020,,,,Karaikal,Puducherry,PY,3,Hospitalized,,,https://t.me/indiacovid/11172,,,,,,
196727,,23/07/2020,,,,Yanam,Puducherry,PY,1,Hospitalized,,,https://t.me/indiacovid/11172,,,,,,
196728,,23/07/2020,,,,Puducherry,Puducherry,PY,17,Recovered,,,https://t.me/indiacovid/11172,,,,,,
196729,,23/07/2020,,,,Karaikal,Puducherry,PY,4,Recovered,,,https://t.me/indiacovid/11172,,,,,,
196730,,23/07/2020,,,,Yanam,Puducherry,PY,10,Recovered,,,https://t.me/indiacovid/11172,,,,,,
196731,,23/07/2020,,,,Puducherry,Puducherry,PY,3,Deceased,,"2 in IGMC,1 in GH,Pdy",https://t.me/indiacovid/11172,,,,,,
196732,,23/07/2020,,,,Puducherry,Puducherry,PY,-3,Hospitalized,,Transferred to TN,https://t.me/indiacovid/11172,,,,,,
196733,,21/05/2020,,,,Malappuram,Kerala,KL,-2,Recovered,,,http://dhs.kerala.gov.in/wp-content/uploads/2020/05/Daily-Bulletin-HFWD-English-May-21-2.pdf,,,,,,
196734,,21/05/2020,,,,Wayanad,Kerala,KL,1,Recovered,,,http://dhs.kerala.gov.in/wp-content/uploads/2020/05/Daily-Bulletin-HFWD-English-May-21-2.pdf,,,,,,
196735,,21/05/2020,,,,Ernakulam,Kerala,KL,1,Recovered,,,http://dhs.kerala.gov.in/wp-content/uploads/2020/05/Daily-Bulletin-HFWD-English-May-21-2.pdf,,,,,,
196736,,23/07/2020,,,,Puducherry,Puducherry,PY,1,Hospitalized,,Positive after death,https://t.me/indiacovid/11172,,,,,,
196737,,26/05/2020,,,,Palakkad,Kerala,KL,-1,Recovered,,,http://dhs.kerala.gov.in/wp-content/uploads/2020/05/Daily-Bulletin-HFWD-English-May-26.pdf,,,,,,
196738,,26/05/2020,,,,Kozhikode,Kerala,KL,1,Recovered,,,http://dhs.kerala.gov.in/wp-content/uploads/2020/05/Daily-Bulletin-HFWD-English-May-26.pdf,,,,,,
196739,,26/05/2020,,,,Ernakulam,Kerala,KL,-1,Recovered,,,http://dhs.kerala.gov.in/wp-content/uploads/2020/05/Daily-Bulletin-HFWD-English-May-26.pdf,,,,,,
196740,,26/05/2020,,,,Malappuram,Kerala,KL,1,Recovered,,,http://dhs.kerala.gov.in/wp-content/uploads/2020/05/Daily-Bulletin-HFWD-English-May-26.pdf,,,,,,
196741,,23/07/2020,,,,Diu,Dadra and Nagar Haveli and Daman and Diu,DN,2,Hospitalized,,They were deployed on checkpost,https://twitter.com/rai_saloni/status/1286190375174991872,,,,,,
196742,,23/07/2020,,,,Diu,Dadra and Nagar Haveli and Daman and Diu,DN,1,Hospitalized,,Was deployed in Govt Hospital,https://twitter.com/rai_saloni/status/1286190375174991872,,,,,,
196743,,23/07/2020,,,Goghla,Diu,Dadra and Nagar Haveli and Daman and Diu,DN,1,Hospitalized,,,https://twitter.com/rai_saloni/status/1286190375174991872,,,,,,
196744,,23/07/2020,,,,Bokaro,Jharkhand,JH,1,Hospitalized,,,https://twitter.com/ANI/status/1286165942704037890,,,,,,
196745,,23/07/2020,,,,Dhanbad,Jharkhand,JH,7,Hospitalized,,,https://twitter.com/ANI/status/1286165942704037890,,,,,,
196746,,23/07/2020,,,,East Singhbhum,Jharkhand,JH,71,Hospitalized,,,https://twitter.com/ANI/status/1286165942704037890,,,,,,
196747,,23/07/2020,,,,Dhanbad,Jharkhand,JH,1,Deceased,,,https://twitter.com/nhm_hp/status/1286194705944829955,,,,,,
196748,,23/07/2020,,,,Chamba,Himachal Pradesh,HP,2,Hospitalized,,,https://twitter.com/nhm_hp/status/1286194705944829955,,,,,,
196749,,23/07/2020,,,,Sirmaur,Himachal Pradesh,HP,42,Hospitalized,,,https://twitter.com/nhm_hp/status/1286194705944829955,,,,,,
196750,,23/07/2020,,,,Sirmaur,Himachal Pradesh,HP,7,Recovered,,,https://twitter.com/nhm_hp/status/1286194705944829955,,,,,,
196751,,23/07/2020,,,,Kangra,Himachal Pradesh,HP,-1,Deceased,,,https://twitter.com/nhm_hp/status/1286194705944829955,,,,,,
196752,,23/07/2020,,,,Chamba,Himachal Pradesh,HP,1,Deceased,,Death due to non-covid reasons,https://twitter.com/nhm_hp/status/1286194705944829955,,,,,,
196753,,23/07/2020,,,,Shimla,Himachal Pradesh,HP,1,Deceased,,Death due to non-covid reasons,https://twitter.com/nhm_hp/status/1286194705944829955,,,,,,
196754,,23/07/2020,,,,Kohima,Nagaland,NL,61,Hospitalized,,,https://twitter.com/pangnyu/status/1286198270914633728,,,,,,
196755,,23/07/2020,,,,Dimapur,Nagaland,NL,26,Hospitalized,,,https://twitter.com/pangnyu/status/1286198270914633728,,,,,,
196756,,23/07/2020,,,,Peren,Nagaland,NL,2,Hospitalized,,,https://twitter.com/pangnyu/status/1286198270914633728,,,,,,
196757,,23/07/2020,,,,Phek,Nagaland,NL,1,Hospitalized,,,https://twitter.com/pangnyu/status/1286198270914633728,,,,,,
196758,,23/07/2020,,,,East Khasi Hills,Meghalaya,ML,13,Hospitalized,,,https://t.me/indiacovid/11173,,,,,,
196759,,23/07/2020,,,,West Garo Hills,Meghalaya,ML,3,Hospitalized,,,https://t.me/indiacovid/11173,,,,,,
196760,,23/07/2020,,,,South West Garo Hills,Meghalaya,ML,3,Hospitalized,,,https://t.me/indiacovid/11173,,,,,,
196761,,23/07/2020,,,,,Meghalaya,ML,1,Recovered,,,https://t.me/indiacovid/11173,,,,,,
196762,,23/07/2020,,,,,Meghalaya,ML,1,Hospitalized,,,https://t.me/indiacovid/11173,,,,,,
196763,,27/06/2020,,,,Palakkad,Kerala,KL,-1,Recovered,,,http://dhs.kerala.gov.in/wp-content/uploads/2020/06/Bulletin-HFWD-English-June-27.pdf,,,,,,
196764,,27/06/2020,,,,Thiruvananthapuram,Kerala,KL,1,Recovered,,,http://dhs.kerala.gov.in/wp-content/uploads/2020/06/Bulletin-HFWD-English-June-27.pdf,,,,,,
196765,,27/06/2020,,,,Ernakulam,Kerala,KL,1,Recovered,,,http://dhs.kerala.gov.in/wp-content/uploads/2020/06/Bulletin-HFWD-English-June-27.pdf,,,,,,
196766,,27/06/2020,,,,Kollam,Kerala,KL,-1,Recovered,,,http://dhs.kerala.gov.in/wp-content/uploads/2020/06/Bulletin-HFWD-English-June-27.pdf,,,,,,
196767,,27/06/2020,,,,Alappuzha,Kerala,KL,-1,Recovered,,,http://dhs.kerala.gov.in/wp-content/uploads/2020/06/Bulletin-HFWD-English-June-27.pdf,,,,,,
196768,,27/06/2020,,,,Thrissur,Kerala,KL,-1,Recovered,,,http://dhs.kerala.gov.in/wp-content/uploads/2020/06/Bulletin-HFWD-English-June-27.pdf,,,,,,
196769,,27/06/2020,,,,Kannur,Kerala,KL,2,Recovered,,,http://dhs.kerala.gov.in/wp-content/uploads/2020/06/Bulletin-HFWD-English-June-27.pdf,,,,,,
196770,,04/05/2020,,,,Kasaragod,Kerala,KL,-1,Recovered,,,http://dhs.kerala.gov.in/wp-content/uploads/2020/05/Daily-Bulletin-HFWD-English-May-04.pdf,,,,,,
196771,,04/05/2020,,,,Idukki,Kerala,KL,1,Recovered,,,http://dhs.kerala.gov.in/wp-content/uploads/2020/05/Daily-Bulletin-HFWD-English-May-04.pdf,,,,,,
196772,,04/05/2020,,,,Kozhikode,Kerala,KL,1,Recovered,,,http://dhs.kerala.gov.in/wp-content/uploads/2020/05/Daily-Bulletin-HFWD-English-May-04.pdf,,,,,,
196773,,04/05/2020,,,,Palakkad,Kerala,KL,-1,Recovered,,,http://dhs.kerala.gov.in/wp-content/uploads/2020/05/Daily-Bulletin-HFWD-English-May-04.pdf,,,,,,
196774,,28/05/2020,,,,Malappuram,Kerala,KL,-1,Recovered,,,http://dhs.kerala.gov.in/wp-content/uploads/2020/05/Daily-Bulletin-HFWD-English-May-28.pdf,,,,,,
196775,,28/05/2020,,,,Kozhikode,Kerala,KL,1,Recovered,,,http://dhs.kerala.gov.in/wp-content/uploads/2020/05/Daily-Bulletin-HFWD-English-May-28.pdf,,,,,,
196776,,29/05/2020,,,,Kannur,Kerala,KL,2,Recovered,,,http://dhs.kerala.gov.in/wp-content/uploads/2020/05/Daily-Bulletin-HFWD-English-May-29.pdf,,,,,,
196777,,29/05/2020,,,,Kozhikode,Kerala,KL,-2,Recovered,,,http://dhs.kerala.gov.in/wp-content/uploads/2020/05/Daily-Bulletin-HFWD-English-May-29.pdf,,,,,,
196778,,23/07/2020,,,,,,,,,,,,,,,,,
196779,,23/07/2020,,,,,,,,,,,,,,,,,
196780,,23/07/2020,,,,,,,,,,,,,,,,,
196781,,23/07/2020,,,,,,,,,,,,,,,,,
196782,,23/07/2020,,,,,,,,,,,,,,,,,
196783,,23/07/2020,,,,,,,,,,,,,,,,,
196784,,23/07/2020,,,,,,,,,,,,,,,,,
196785,,23/07/2020,,,,,,,,,,,,,,,,,
196786,,23/07/2020,,,,,,,,,,,,,,,,,
196787,,23/07/2020,,,,,,,,,,,,,,,,,
196788,,23/07/2020,,,,,,,,,,,,,,,,,
196789,,23/07/2020,,,,,,,,,,,,,,,,,
196790,,23/07/2020,,,,,,,,,,,,,,,,,
196791,,23/07/2020,,,,,,,,,,,,,,,,,
196792,,23/07/2020,,,,,,,,,,,,,,,,,
196793,,23/07/2020,,,,,,,,,,,,,,,,,
196794,,23/07/2020,,,,,,,,,,,,,,,,,
196795,,23/07/2020,,,,,,,,,,,,,,,,,
196796,,23/07/2020,,,,,,,,,,,,,,,,,
196797,,23/07/2020,,,,,,,,,,,,,,,,,
196798,,23/07/2020,,,,,,,,,,,,,,,,,
196799,,23/07/2020,,,,,,,,,,,,,,,,,
196800,,23/07/2020,,,,,,,,,,,,,,,,,
196801,,23/07/2020,,,,,,,,,,,,,,,,,
196802,,23/07/2020,,,,,,,,,,,,,,,,,
196803,,23/07/2020,,,,,,,,,,,,,,,,,
196804,,23/07/2020,,,,,,,,,,,,,,,,,
196805,,23/07/2020,,,,,,,,,,,,,,,,,
196806,,23/07/2020,,,,,,,,,,,,,,,,,
196807,,23/07/2020,,,,,,,,,,,,,,,,,
196808,,23/07/2020,,,,,,,,,,,,,,,,,
196809,,23/07/2020,,,,,,,,,,,,,,,,,
196810,,23/07/2020,,,,,,,,,,,,,,,,,
196811,,23/07/2020,,,,,,,,,,,,,,,,,
196812,,23/07/2020,,,,,,,,,,,,,,,,,
196813,,23/07/2020,,,,,,,,,,,,,,,,,
196814,,23/07/2020,,,,,,,,,,,,,,,,,
196815,,23/07/2020,,,,,,,,,,,,,,,,,
196816,,23/07/2020,,,,,,,,,,,,,,,,,
196817,,23/07/2020,,,,,,,,,,,,,,,,,
196818,,23/07/2020,,,,,,,,,,,,,,,,,
196819,,23/07/2020,,,,,,,,,,,,,,,,,
196820,,23/07/2020,,,,,,,,,,,,,,,,,
196821,,23/07/2020,,,,,,,,,,,,,,,,,
196822,,23/07/2020,,,,,,,,,,,,,,,,,
196823,,23/07/2020,,,,,,,,,,,,,,,,,
196824,,23/07/2020,,,,,,,,,,,,,,,,,
196825,,23/07/2020,,,,,,,,,,,,,,,,,
196826,,23/07/2020,,,,,,,,,,,,,,,,,
196827,,23/07/2020,,,,,,,,,,,,,,,,,
196828,,23/07/2020,,,,,,,,,,,,,,,,,
196829,,23/07/2020,,,,,,,,,,,,,,,,,
196830,,23/07/2020,,,,,,,,,,,,,,,,,
196831,,23/07/2020,,,,,,,,,,,,,,,,,
196832,,23/07/2020,,,,,,,,,,,,,,,,,
196833,,23/07/2020,,,,,,,,,,,,,,,,,
196834,,23/07/2020,,,,,,,,,,,,,,,,,
196835,,23/07/2020,,,,,,,,,,,,,,,,,
196836,,23/07/2020,,,,,,,,,,,,,,,,,
196837,,23/07/2020,,,,,,,,,,,,,,,,,
196838,,23/07/2020,,,,,,,,,,,,,,,,,
196839,,23/07/2020,,,,,,,,,,,,,,,,,
196840,,23/07/2020,,,,,,,,,,,,,,,,,
196841,,23/07/2020,,,,,,,,,,,,,,,,,
196842,,23/07/2020,,,,,,,,,,,,,,,,,
196843,,23/07/2020,,,,,,,,,,,,,,,,,
196844,,23/07/2020,,,,,,,,,,,,,,,,,
196845,,23/07/2020,,,,,,,,,,,,,,,,,
196846,,23/07/2020,,,,,,,,,,,,,,,,,
196847,,23/07/2020,,,,,,,,,,,,,,,,,
196848,,23/07/2020,,,,,,,,,,,,,,,,,
196849,,23/07/2020,,,,,,,,,,,,,,,,,
196850,,23/07/2020,,,,,,,,,,,,,,,,,
196851,,23/07/2020,,,,,,,,,,,,,,,,,
196852,,23/07/2020,,,,,,,,,,,,,,,,,
196853,,23/07/2020,,,,,,,,,,,,,,,,,
196854,,23/07/2020,,,,,,,,,,,,,,,,,
196855,,23/07/2020,,,,,,,,,,,,,,,,,
196856,,23/07/2020,,,,,,,,,,,,,,,,,
196857,,23/07/2020,,,,,,,,,,,,,,,,,
196858,,23/07/2020,,,,,,,,,,,,,,,,,
196859,,23/07/2020,,,,,,,,,,,,,,,,,
196860,,23/07/2020,,,,,,,,,,,,,,,,,
196861,,23/07/2020,,,,,,,,,,,,,,,,,
196862,,23/07/2020,,,,,,,,,,,,,,,,,
196863,,23/07/2020,,,,,,,,,,,,,,,,,
196864,,23/07/2020,,,,,,,,,,,,,,,,,
196865,,23/07/2020,,,,,,,,,,,,,,,,,
196866,,23/07/2020,,,,,,,,,,,,,,,,,
196867,,23/07/2020,,,,,,,,,,,,,,,,,
196868,,23/07/2020,,,,,,,,,,,,,,,,,
196869,,23/07/2020,,,,,,,,,,,,,,,,,
196870,,23/07/2020,,,,,,,,,,,,,,,,,
196871,,23/07/2020,,,,,,,,,,,,,,,,,
196872,,23/07/2020,,,,,,,,,,,,,,,,,
196873,,23/07/2020,,,,,,,,,,,,,,,,,
196874,,23/07/2020,,,,,,,,,,,,,,,,,
196875,,23/07/2020,,,,,,,,,,,,,,,,,
196876,,23/07/2020,,,,,,,,,,,,,,,,,
196877,,23/07/2020,,,,,,,,,,,,,,,,,
196878,,23/07/2020,,,,,,,,,,,,,,,,,
196879,,23/07/2020,,,,,,,,,,,,,,,,,
196880,,23/07/2020,,,,,,,,,,,,,,,,,
196881,,23/07/2020,,,,,,,,,,,,,,,,,
196882,,23/07/2020,,,,,,,,,,,,,,,,,
196883,,23/07/2020,,,,,,,,,,,,,,,,,
196884,,23/07/2020,,,,,,,,,,,,,,,,,
196885,,23/07/2020,,,,,,,,,,,,,,,,,
196886,,23/07/2020,,,,,,,,,,,,,,,,,
196887,,23/07/2020,,,,,,,,,,,,,,,,,
196888,,23/07/2020,,,,,,,,,,,,,,,,,
196889,,23/07/2020,,,,,,,,,,,,,,,,,
196890,,23/07/2020,,,,,,,,,,,,,,,,,
196891,,23/07/2020,,,,,,,,,,,,,,,,,
196892,,23/07/2020,,,,,,,,,,,,,,,,,
196893,,23/07/2020,,,,,,,,,,,,,,,,,
196894,,23/07/2020,,,,,,,,,,,,,,,,,
196895,,23/07/2020,,,,,,,,,,,,,,,,,
196896,,23/07/2020,,,,,,,,,,,,,,,,,
196897,,23/07/2020,,,,,,,,,,,,,,,,,
196898,,23/07/2020,,,,,,,,,,,,,,,,,
196899,,23/07/2020,,,,,,,,,,,,,,,,,
196900,,23/07/2020,,,,,,,,,,,,,,,,,
196901,,23/07/2020,,,,,,,,,,,,,,,,,
196902,,23/07/2020,,,,,,,,,,,,,,,,,
196903,,23/07/2020,,,,,,,,,,,,,,,,,
196904,,23/07/2020,,,,,,,,,,,,,,,,,
196905,,23/07/2020,,,,,,,,,,,,,,,,,
196906,,23/07/2020,,,,,,,,,,,,,,,,,
196907,,23/07/2020,,,,,,,,,,,,,,,,,
196908,,23/07/2020,,,,,,,,,,,,,,,,,
196909,,23/07/2020,,,,,,,,,,,,,,,,,
196910,,23/07/2020,,,,,,,,,,,,,,,,,
196911,,23/07/2020,,,,,,,,,,,,,,,,,
196912,,23/07/2020,,,,,,,,,,,,,,,,,
196913,,23/07/2020,,,,,,,,,,,,,,,,,
196914,,23/07/2020,,,,,,,,,,,,,,,,,
196915,,23/07/2020,,,,,,,,,,,,,,,,,
196916,,23/07/2020,,,,,,,,,,,,,,,,,
196917,,23/07/2020,,,,,,,,,,,,,,,,,
196918,,23/07/2020,,,,,,,,,,,,,,,,,
196919,,23/07/2020,,,,,,,,,,,,,,,,,
196920,,23/07/2020,,,,,,,,,,,,,,,,,
196921,,23/07/2020,,,,,,,,,,,,,,,,,
196922,,23/07/2020,,,,,,,,,,,,,,,,,
196923,,23/07/2020,,,,,,,,,,,,,,,,,
196924,,23/07/2020,,,,,,,,,,,,,,,,,
196925,,23/07/2020,,,,,,,,,,,,,,,,,
196926,,23/07/2020,,,,,,,,,,,,,,,,,
196927,,23/07/2020,,,,,,,,,,,,,,,,,
196928,,23/07/2020,,,,,,,,,,,,,,,,,
196929,,23/07/2020,,,,,,,,,,,,,,,,,
196930,,23/07/2020,,,,,,,,,,,,,,,,,
196931,,23/07/2020,,,,,,,,,,,,,,,,,
196932,,23/07/2020,,,,,,,,,,,,,,,,,
196933,,23/07/2020,,,,,,,,,,,,,,,,,
196934,,23/07/2020,,,,,,,,,,,,,,,,,
196935,,23/07/2020,,,,,,,,,,,,,,,,,
196936,,23/07/2020,,,,,,,,,,,,,,,,,
196937,,23/07/2020,,,,,,,,,,,,,,,,,
196938,,23/07/2020,,,,,,,,,,,,,,,,,
196939,,23/07/2020,,,,,,,,,,,,,,,,,
196940,,23/07/2020,,,,,,,,,,,,,,,,,
196941,,23/07/2020,,,,,,,,,,,,,,,,,
196942,,23/07/2020,,,,,,,,,,,,,,,,,
196943,,23/07/2020,,,,,,,,,,,,,,,,,
196944,,23/07/2020,,,,,,,,,,,,,,,,,
196945,,23/07/2020,,,,,,,,,,,,,,,,,
196946,,23/07/2020,,,,,,,,,,,,,,,,,
196947,,23/07/2020,,,,,,,,,,,,,,,,,
196948,,23/07/2020,,,,,,,,,,,,,,,,,
196949,,23/07/2020,,,,,,,,,,,,,,,,,
196950,,23/07/2020,,,,,,,,,,,,,,,,,
196951,,23/07/2020,,,,,,,,,,,,,,,,,
196952,,23/07/2020,,,,,,,,,,,,,,,,,
196953,,23/07/2020,,,,,,,,,,,,,,,,,
196954,,23/07/2020,,,,,,,,,,,,,,,,,
196955,,23/07/2020,,,,,,,,,,,,,,,,,
196956,,23/07/2020,,,,,,,,,,,,,,,,,
196957,,23/07/2020,,,,,,,,,,,,,,,,,
196958,,23/07/2020,,,,,,,,,,,,,,,,,
196959,,23/07/2020,,,,,,,,,,,,,,,,,
196960,,23/07/2020,,,,,,,,,,,,,,,,,
196961,,23/07/2020,,,,,,,,,,,,,,,,,
196962,,23/07/2020,,,,,,,,,,,,,,,,,
196963,,23/07/2020,,,,,,,,,,,,,,,,,
196964,,23/07/2020,,,,,,,,,,,,,,,,,
196965,,23/07/2020,,,,,,,,,,,,,,,,,
196966,,23/07/2020,,,,,,,,,,,,,,,,,
196967,,23/07/2020,,,,,,,,,,,,,,,,,
196968,,23/07/2020,,,,,,,,,,,,,,,,,
196969,,23/07/2020,,,,,,,,,,,,,,,,,
196970,,23/07/2020,,,,,,,,,,,,,,,,,
196971,,23/07/2020,,,,,,,,,,,,,,,,,
196972,,23/07/2020,,,,,,,,,,,,,,,,,
196973,,23/07/2020,,,,,,,,,,,,,,,,,
196974,,23/07/2020,,,,,,,,,,,,,,,,,
196975,,23/07/2020,,,,,,,,,,,,,,,,,
196976,,23/07/2020,,,,,,,,,,,,,,,,,
196977,,23/07/2020,,,,,,,,,,,,,,,,,
196978,,23/07/2020,,,,,,,,,,,,,,,,,
196979,,23/07/2020,,,,,,,,,,,,,,,,,
196980,,23/07/2020,,,,,,,,,,,,,,,,,
196981,,23/07/2020,,,,,,,,,,,,,,,,,
196982,,23/07/2020,,,,,,,,,,,,,,,,,
196983,,23/07/2020,,,,,,,,,,,,,,,,,
196984,,23/07/2020,,,,,,,,,,,,,,,,,
196985,,23/07/2020,,,,,,,,,,,,,,,,,
196986,,23/07/2020,,,,,,,,,,,,,,,,,
196987,,23/07/2020,,,,,,,,,,,,,,,,,
196988,,23/07/2020,,,,,,,,,,,,,,,,,
196989,,23/07/2020,,,,,,,,,,,,,,,,,
196990,,23/07/2020,,,,,,,,,,,,,,,,,
196991,,23/07/2020,,,,,,,,,,,,,,,,,
196992,,23/07/2020,,,,,,,,,,,,,,,,,
196993,,23/07/2020,,,,,,,,,,,,,,,,,
196994,,23/07/2020,,,,,,,,,,,,,,,,,
196995,,23/07/2020,,,,,,,,,,,,,,,,,
196996,,23/07/2020,,,,,,,,,,,,,,,,,
196997,,23/07/2020,,,,,,,,,,,,,,,,,
196998,,23/07/2020,,,,,,,,,,,,,,,,,
196999,,23/07/2020,,,,,,,,,,,,,,,,,
197000,,23/07/2020,,,,,,,,,,,,,,,,,
197001,,23/07/2020,,,,,,,,,,,,,,,,,
197002,,23/07/2020,,,,,,,,,,,,,,,,,
197003,,23/07/2020,,,,,,,,,,,,,,,,,
197004,,23/07/2020,,,,,,,,,,,,,,,,,
197005,,23/07/2020,,,,,,,,,,,,,,,,,
197006,,23/07/2020,,,,,,,,,,,,,,,,,
197007,,23/07/2020,,,,,,,,,,,,,,,,,
197008,,23/07/2020,,,,,,,,,,,,,,,,,
197009,,23/07/2020,,,,,,,,,,,,,,,,,
197010,,23/07/2020,,,,,,,,,,,,,,,,,
197011,,23/07/2020,,,,,,,,,,,,,,,,,
197012,,23/07/2020,,,,,,,,,,,,,,,,,
197013,,23/07/2020,,,,,,,,,,,,,,,,,
197014,,23/07/2020,,,,,,,,,,,,,,,,,
197015,,23/07/2020,,,,,,,,,,,,,,,,,
197016,,23/07/2020,,,,,,,,,,,,,,,,,
197017,,23/07/2020,,,,,,,,,,,,,,,,,
197018,,23/07/2020,,,,,,,,,,,,,,,,,
197019,,23/07/2020,,,,,,,,,,,,,,,,,
197020,,23/07/2020,,,,,,,,,,,,,,,,,
197021,,23/07/2020,,,,,,,,,,,,,,,,,
197022,,23/07/2020,,,,,,,,,,,,,,,,,
197023,,23/07/2020,,,,,,,,,,,,,,,,,
197024,,23/07/2020,,,,,,,,,,,,,,,,,
197025,,23/07/2020,,,,,,,,,,,,,,,,,
197026,,23/07/2020,,,,,,,,,,,,,,,,,
197027,,23/07/2020,,,,,,,,,,,,,,,,,
197028,,23/07/2020,,,,,,,,,,,,,,,,,
197029,,23/07/2020,,,,,,,,,,,,,,,,,
197030,,23/07/2020,,,,,,,,,,,,,,,,,
197031,,23/07/2020,,,,,,,,,,,,,,,,,
197032,,23/07/2020,,,,,,,,,,,,,,,,,
197033,,23/07/2020,,,,,,,,,,,,,,,,,
197034,,23/07/2020,,,,,,,,,,,,,,,,,
197035,,23/07/2020,,,,,,,,,,,,,,,,,
197036,,23/07/2020,,,,,,,,,,,,,,,,,
197037,,23/07/2020,,,,,,,,,,,,,,,,,
197038,,23/07/2020,,,,,,,,,,,,,,,,,
197039,,23/07/2020,,,,,,,,,,,,,,,,,
197040,,23/07/2020,,,,,,,,,,,,,,,,,
197041,,23/07/2020,,,,,,,,,,,,,,,,,
197042,,23/07/2020,,,,,,,,,,,,,,,,,
197043,,23/07/2020,,,,,,,,,,,,,,,,,
197044,,23/07/2020,,,,,,,,,,,,,,,,,
197045,,23/07/2020,,,,,,,,,,,,,,,,,
197046,,23/07/2020,,,,,,,,,,,,,,,,,
197047,,23/07/2020,,,,,,,,,,,,,,,,,
197048,,23/07/2020,,,,,,,,,,,,,,,,,
197049,,23/07/2020,,,,,,,,,,,,,,,,,
197050,,23/07/2020,,,,,,,,,,,,,,,,,
197051,,23/07/2020,,,,,,,,,,,,,,,,,
197052,,23/07/2020,,,,,,,,,,,,,,,,,
197053,,23/07/2020,,,,,,,,,,,,,,,,,
197054,,23/07/2020,,,,,,,,,,,,,,,,,
197055,,23/07/2020,,,,,,,,,,,,,,,,,
197056,,23/07/2020,,,,,,,,,,,,,,,,,
197057,,23/07/2020,,,,,,,,,,,,,,,,,
197058,,23/07/2020,,,,,,,,,,,,,,,,,
197059,,23/07/2020,,,,,,,,,,,,,,,,,
197060,,23/07/2020,,,,,,,,,,,,,,,,,
197061,,23/07/2020,,,,,,,,,,,,,,,,,
197062,,23/07/2020,,,,,,,,,,,,,,,,,
197063,,23/07/2020,,,,,,,,,,,,,,,,,
197064,,23/07/2020,,,,,,,,,,,,,,,,,
197065,,23/07/2020,,,,,,,,,,,,,,,,,
197066,,23/07/2020,,,,,,,,,,,,,,,,,
197067,,23/07/2020,,,,,,,,,,,,,,,,,
197068,,23/07/2020,,,,,,,,,,,,,,,,,
197069,,23/07/2020,,,,,,,,,,,,,,,,,
197070,,23/07/2020,,,,,,,,,,,,,,,,,
197071,,23/07/2020,,,,,,,,,,,,,,,,,
197072,,23/07/2020,,,,,,,,,,,,,,,,,
197073,,23/07/2020,,,,,,,,,,,,,,,,,
197074,,23/07/2020,,,,,,,,,,,,,,,,,
197075,,23/07/2020,,,,,,,,,,,,,,,,,
197076,,23/07/2020,,,,,,,,,,,,,,,,,
197077,,23/07/2020,,,,,,,,,,,,,,,,,
197078,,23/07/2020,,,,,,,,,,,,,,,,,
197079,,23/07/2020,,,,,,,,,,,,,,,,,
197080,,23/07/2020,,,,,,,,,,,,,,,,,
197081,,23/07/2020,,,,,,,,,,,,,,,,,
197082,,23/07/2020,,,,,,,,,,,,,,,,,
197083,,23/07/2020,,,,,,,,,,,,,,,,,
197084,,23/07/2020,,,,,,,,,,,,,,,,,
197085,,23/07/2020,,,,,,,,,,,,,,,,,
197086,,23/07/2020,,,,,,,,,,,,,,,,,
197087,,23/07/2020,,,,,,,,,,,,,,,,,
197088,,23/07/2020,,,,,,,,,,,,,,,,,
197089,,23/07/2020,,,,,,,,,,,,,,,,,
197090,,23/07/2020,,,,,,,,,,,,,,,,,
197091,,23/07/2020,,,,,,,,,,,,,,,,,
197092,,23/07/2020,,,,,,,,,,,,,,,,,
197093,,23/07/2020,,,,,,,,,,,,,,,,,
197094,,23/07/2020,,,,,,,,,,,,,,,,,
197095,,23/07/2020,,,,,,,,,,,,,,,,,
197096,,23/07/2020,,,,,,,,,,,,,,,,,
197097,,23/07/2020,,,,,,,,,,,,,,,,,
197098,,23/07/2020,,,,,,,,,,,,,,,,,
197099,,23/07/2020,,,,,,,,,,,,,,,,,
197100,,23/07/2020,,,,,,,,,,,,,,,,,
197101,,23/07/2020,,,,,,,,,,,,,,,,,
197102,,23/07/2020,,,,,,,,,,,,,,,,,
197103,,23/07/2020,,,,,,,,,,,,,,,,,
197104,,23/07/2020,,,,,,,,,,,,,,,,,
197105,,23/07/2020,,,,,,,,,,,,,,,,,
197106,,23/07/2020,,,,,,,,,,,,,,,,,
197107,,23/07/2020,,,,,,,,,,,,,,,,,
197108,,23/07/2020,,,,,,,,,,,,,,,,,
197109,,23/07/2020,,,,,,,,,,,,,,,,,
197110,,23/07/2020,,,,,,,,,,,,,,,,,
197111,,23/07/2020,,,,,,,,,,,,,,,,,
197112,,23/07/2020,,,,,,,,,,,,,,,,,
197113,,23/07/2020,,,,,,,,,,,,,,,,,
197114,,23/07/2020,,,,,,,,,,,,,,,,,
197115,,23/07/2020,,,,,,,,,,,,,,,,,
197116,,23/07/2020,,,,,,,,,,,,,,,,,
197117,,23/07/2020,,,,,,,,,,,,,,,,,
197118,,23/07/2020,,,,,,,,,,,,,,,,,
197119,,23/07/2020,,,,,,,,,,,,,,,,,
197120,,23/07/2020,,,,,,,,,,,,,,,,,
197121,,23/07/2020,,,,,,,,,,,,,,,,,
197122,,23/07/2020,,,,,,,,,,,,,,,,,
197123,,23/07/2020,,,,,,,,,,,,,,,,,
197124,,23/07/2020,,,,,,,,,,,,,,,,,
197125,,23/07/2020,,,,,,,,,,,,,,,,,
197126,,23/07/2020,,,,,,,,,,,,,,,,,
197127,,23/07/2020,,,,,,,,,,,,,,,,,
197128,,23/07/2020,,,,,,,,,,,,,,,,,
197129,,23/07/2020,,,,,,,,,,,,,,,,,
197130,,23/07/2020,,,,,,,,,,,,,,,,,
197131,,23/07/2020,,,,,,,,,,,,,,,,,
197132,,23/07/2020,,,,,,,,,,,,,,,,,
197133,,23/07/2020,,,,,,,,,,,,,,,,,
197134,,23/07/2020,,,,,,,,,,,,,,,,,
197135,,23/07/2020,,,,,,,,,,,,,,,,,
197136,,23/07/2020,,,,,,,,,,,,,,,,,
197137,,23/07/2020,,,,,,,,,,,,,,,,,
197138,,23/07/2020,,,,,,,,,,,,,,,,,
197139,,23/07/2020,,,,,,,,,,,,,,,,,
197140,,23/07/2020,,,,,,,,,,,,,,,,,
197141,,23/07/2020,,,,,,,,,,,,,,,,,
197142,,23/07/2020,,,,,,,,,,,,,,,,,
197143,,23/07/2020,,,,,,,,,,,,,,,,,
197144,,23/07/2020,,,,,,,,,,,,,,,,,
197145,,23/07/2020,,,,,,,,,,,,,,,,,
197146,,23/07/2020,,,,,,,,,,,,,,,,,
197147,,23/07/2020,,,,,,,,,,,,,,,,,
197148,,23/07/2020,,,,,,,,,,,,,,,,,
197149,,23/07/2020,,,,,,,,,,,,,,,,,
197150,,23/07/2020,,,,,,,,,,,,,,,,,
197151,,23/07/2020,,,,,,,,,,,,,,,,,
197152,,23/07/2020,,,,,,,,,,,,,,,,,
197153,,23/07/2020,,,,,,,,,,,,,,,,,
197154,,23/07/2020,,,,,,,,,,,,,,,,,
197155,,23/07/2020,,,,,,,,,,,,,,,,,
197156,,23/07/2020,,,,,,,,,,,,,,,,,
197157,,23/07/2020,,,,,,,,,,,,,,,,,
197158,,23/07/2020,,,,,,,,,,,,,,,,,
197159,,23/07/2020,,,,,,,,,,,,,,,,,
197160,,23/07/2020,,,,,,,,,,,,,,,,,
197161,,23/07/2020,,,,,,,,,,,,,,,,,
197162,,23/07/2020,,,,,,,,,,,,,,,,,
197163,,23/07/2020,,,,,,,,,,,,,,,,,
197164,,23/07/2020,,,,,,,,,,,,,,,,,
197165,,23/07/2020,,,,,,,,,,,,,,,,,
197166,,23/07/2020,,,,,,,,,,,,,,,,,
197167,,23/07/2020,,,,,,,,,,,,,,,,,
197168,,23/07/2020,,,,,,,,,,,,,,,,,
197169,,23/07/2020,,,,,,,,,,,,,,,,,
197170,,23/07/2020,,,,,,,,,,,,,,,,,
197171,,23/07/2020,,,,,,,,,,,,,,,,,
197172,,23/07/2020,,,,,,,,,,,,,,,,,
197173,,23/07/2020,,,,,,,,,,,,,,,,,
197174,,23/07/2020,,,,,,,,,,,,,,,,,
197175,,23/07/2020,,,,,,,,,,,,,,,,,
197176,,23/07/2020,,,,,,,,,,,,,,,,,
197177,,23/07/2020,,,,,,,,,,,,,,,,,
197178,,23/07/2020,,,,,,,,,,,,,,,,,
197179,,23/07/2020,,,,,,,,,,,,,,,,,
197180,,23/07/2020,,,,,,,,,,,,,,,,,
197181,,23/07/2020,,,,,,,,,,,,,,,,,
197182,,23/07/2020,,,,,,,,,,,,,,,,,
197183,,23/07/2020,,,,,,,,,,,,,,,,,
197184,,23/07/2020,,,,,,,,,,,,,,,,,
197185,,23/07/2020,,,,,,,,,,,,,,,,,
197186,,23/07/2020,,,,,,,,,,,,,,,,,
197187,,23/07/2020,,,,,,,,,,,,,,,,,
197188,,23/07/2020,,,,,,,,,,,,,,,,,
197189,,23/07/2020,,,,,,,,,,,,,,,,,
197190,,23/07/2020,,,,,,,,,,,,,,,,,
197191,,23/07/2020,,,,,,,,,,,,,,,,,
197192,,23/07/2020,,,,,,,,,,,,,,,,,
197193,,23/07/2020,,,,,,,,,,,,,,,,,
197194,,23/07/2020,,,,,,,,,,,,,,,,,
197195,,23/07/2020,,,,,,,,,,,,,,,,,
197196,,23/07/2020,,,,,,,,,,,,,,,,,
197197,,23/07/2020,,,,,,,,,,,,,,,,,
197198,,23/07/2020,,,,,,,,,,,,,,,,,
197199,,23/07/2020,,,,,,,,,,,,,,,,,
197200,,23/07/2020,,,,,,,,,,,,,,,,,
197201,,23/07/2020,,,,,,,,,,,,,,,,,
197202,,23/07/2020,,,,,,,,,,,,,,,,,
197203,,23/07/2020,,,,,,,,,,,,,,,,,
197204,,23/07/2020,,,,,,,,,,,,,,,,,
197205,,23/07/2020,,,,,,,,,,,,,,,,,
197206,,23/07/2020,,,,,,,,,,,,,,,,,
197207,,23/07/2020,,,,,,,,,,,,,,,,,
197208,,23/07/2020,,,,,,,,,,,,,,,,,
197209,,23/07/2020,,,,,,,,,,,,,,,,,
197210,,23/07/2020,,,,,,,,,,,,,,,,,
197211,,23/07/2020,,,,,,,,,,,,,,,,,
197212,,23/07/2020,,,,,,,,,,,,,,,,,
197213,,23/07/2020,,,,,,,,,,,,,,,,,
197214,,23/07/2020,,,,,,,,,,,,,,,,,
197215,,23/07/2020,,,,,,,,,,,,,,,,,
197216,,23/07/2020,,,,,,,,,,,,,,,,,
197217,,23/07/2020,,,,,,,,,,,,,,,,,
197218,,23/07/2020,,,,,,,,,,,,,,,,,
197219,,23/07/2020,,,,,,,,,,,,,,,,,
197220,,23/07/2020,,,,,,,,,,,,,,,,,
197221,,23/07/2020,,,,,,,,,,,,,,,,,
197222,,23/07/2020,,,,,,,,,,,,,,,,,
197223,,23/07/2020,,,,,,,,,,,,,,,,,
197224,,23/07/2020,,,,,,,,,,,,,,,,,
197225,,23/07/2020,,,,,,,,,,,,,,,,,
197226,,23/07/2020,,,,,,,,,,,,,,,,,
197227,,23/07/2020,,,,,,,,,,,,,,,,,
197228,,23/07/2020,,,,,,,,,,,,,,,,,
197229,,23/07/2020,,,,,,,,,,,,,,,,,
197230,,23/07/2020,,,,,,,,,,,,,,,,,
197231,,23/07/2020,,,,,,,,,,,,,,,,,
197232,,23/07/2020,,,,,,,,,,,,,,,,,
197233,,23/07/2020,,,,,,,,,,,,,,,,,
197234,,23/07/2020,,,,,,,,,,,,,,,,,
197235,,23/07/2020,,,,,,,,,,,,,,,,,
197236,,23/07/2020,,,,,,,,,,,,,,,,,
197237,,23/07/2020,,,,,,,,,,,,,,,,,
197238,,23/07/2020,,,,,,,,,,,,,,,,,
197239,,23/07/2020,,,,,,,,,,,,,,,,,
197240,,23/07/2020,,,,,,,,,,,,,,,,,
197241,,23/07/2020,,,,,,,,,,,,,,,,,
197242,,23/07/2020,,,,,,,,,,,,,,,,,
197243,,23/07/2020,,,,,,,,,,,,,,,,,
197244,,23/07/2020,,,,,,,,,,,,,,,,,
197245,,23/07/2020,,,,,,,,,,,,,,,,,
197246,,23/07/2020,,,,,,,,,,,,,,,,,
197247,,23/07/2020,,,,,,,,,,,,,,,,,
197248,,23/07/2020,,,,,,,,,,,,,,,,,
197249,,23/07/2020,,,,,,,,,,,,,,,,,
197250,,23/07/2020,,,,,,,,,,,,,,,,,
197251,,23/07/2020,,,,,,,,,,,,,,,,,
197252,,23/07/2020,,,,,,,,,,,,,,,,,
197253,,23/07/2020,,,,,,,,,,,,,,,,,
197254,,23/07/2020,,,,,,,,,,,,,,,,,
197255,,23/07/2020,,,,,,,,,,,,,,,,,
197256,,23/07/2020,,,,,,,,,,,,,,,,,
197257,,23/07/2020,,,,,,,,,,,,,,,,,
197258,,23/07/2020,,,,,,,,,,,,,,,,,
197259,,23/07/2020,,,,,,,,,,,,,,,,,
197260,,23/07/2020,,,,,,,,,,,,,,,,,
197261,,23/07/2020,,,,,,,,,,,,,,,,,
197262,,23/07/2020,,,,,,,,,,,,,,,,,
197263,,23/07/2020,,,,,,,,,,,,,,,,,
197264,,23/07/2020,,,,,,,,,,,,,,,,,
197265,,23/07/2020,,,,,,,,,,,,,,,,,
197266,,23/07/2020,,,,,,,,,,,,,,,,,
197267,,23/07/2020,,,,,,,,,,,,,,,,,
197268,,23/07/2020,,,,,,,,,,,,,,,,,
197269,,23/07/2020,,,,,,,,,,,,,,,,,
197270,,23/07/2020,,,,,,,,,,,,,,,,,
197271,,23/07/2020,,,,,,,,,,,,,,,,,
197272,,23/07/2020,,,,,,,,,,,,,,,,,
197273,,23/07/2020,,,,,,,,,,,,,,,,,
197274,,23/07/2020,,,,,,,,,,,,,,,,,
197275,,23/07/2020,,,,,,,,,,,,,,,,,
197276,,23/07/2020,,,,,,,,,,,,,,,,,
197277,,23/07/2020,,,,,,,,,,,,,,,,,
197278,,23/07/2020,,,,,,,,,,,,,,,,,
197279,,23/07/2020,,,,,,,,,,,,,,,,,
197280,,23/07/2020,,,,,,,,,,,,,,,,,
197281,,23/07/2020,,,,,,,,,,,,,,,,,
197282,,23/07/2020,,,,,,,,,,,,,,,,,
197283,,23/07/2020,,,,,,,,,,,,,,,,,
197284,,23/07/2020,,,,,,,,,,,,,,,,,
197285,,23/07/2020,,,,,,,,,,,,,,,,,
197286,,23/07/2020,,,,,,,,,,,,,,,,,
197287,,23/07/2020,,,,,,,,,,,,,,,,,
197288,,23/07/2020,,,,,,,,,,,,,,,,,
197289,,23/07/2020,,,,,,,,,,,,,,,,,
197290,,23/07/2020,,,,,,,,,,,,,,,,,
197291,,23/07/2020,,,,,,,,,,,,,,,,,
197292,,23/07/2020,,,,,,,,,,,,,,,,,
197293,,23/07/2020,,,,,,,,,,,,,,,,,
197294,,23/07/2020,,,,,,,,,,,,,,,,,
197295,,23/07/2020,,,,,,,,,,,,,,,,,
197296,,23/07/2020,,,,,,,,,,,,,,,,,
197297,,23/07/2020,,,,,,,,,,,,,,,,,
197298,,23/07/2020,,,,,,,,,,,,,,,,,
197299,,23/07/2020,,,,,,,,,,,,,,,,,
197300,,23/07/2020,,,,,,,,,,,,,,,,,
197301,,23/07/2020,,,,,,,,,,,,,,,,,
197302,,23/07/2020,,,,,,,,,,,,,,,,,
197303,,23/07/2020,,,,,,,,,,,,,,,,,
197304,,23/07/2020,,,,,,,,,,,,,,,,,
197305,,23/07/2020,,,,,,,,,,,,,,,,,
197306,,23/07/2020,,,,,,,,,,,,,,,,,
197307,,23/07/2020,,,,,,,,,,,,,,,,,
197308,,23/07/2020,,,,,,,,,,,,,,,,,
197309,,23/07/2020,,,,,,,,,,,,,,,,,
197310,,23/07/2020,,,,,,,,,,,,,,,,,
197311,,23/07/2020,,,,,,,,,,,,,,,,,
197312,,23/07/2020,,,,,,,,,,,,,,,,,
197313,,23/07/2020,,,,,,,,,,,,,,,,,
197314,,23/07/2020,,,,,,,,,,,,,,,,,
197315,,23/07/2020,,,,,,,,,,,,,,,,,
197316,,23/07/2020,,,,,,,,,,,,,,,,,
197317,,23/07/2020,,,,,,,,,,,,,,,,,
197318,,23/07/2020,,,,,,,,,,,,,,,,,
197319,,23/07/2020,,,,,,,,,,,,,,,,,
197320,,23/07/2020,,,,,,,,,,,,,,,,,
197321,,23/07/2020,,,,,,,,,,,,,,,,,
197322,,23/07/2020,,,,,,,,,,,,,,,,,
197323,,23/07/2020,,,,,,,,,,,,,,,,,
197324,,23/07/2020,,,,,,,,,,,,,,,,,
197325,,23/07/2020,,,,,,,,,,,,,,,,,
197326,,23/07/2020,,,,,,,,,,,,,,,,,
197327,,23/07/2020,,,,,,,,,,,,,,,,,
197328,,23/07/2020,,,,,,,,,,,,,,,,,
197329,,23/07/2020,,,,,,,,,,,,,,,,,
197330,,23/07/2020,,,,,,,,,,,,,,,,,
197331,,23/07/2020,,,,,,,,,,,,,,,,,
197332,,23/07/2020,,,,,,,,,,,,,,,,,
197333,,23/07/2020,,,,,,,,,,,,,,,,,
197334,,23/07/2020,,,,,,,,,,,,,,,,,
197335,,23/07/2020,,,,,,,,,,,,,,,,,
197336,,23/07/2020,,,,,,,,,,,,,,,,,
197337,,23/07/2020,,,,,,,,,,,,,,,,,
197338,,23/07/2020,,,,,,,,,,,,,,,,,
197339,,23/07/2020,,,,,,,,,,,,,,,,,
197340,,23/07/2020,,,,,,,,,,,,,,,,,
197341,,23/07/2020,,,,,,,,,,,,,,,,,
197342,,23/07/2020,,,,,,,,,,,,,,,,,
197343,,23/07/2020,,,,,,,,,,,,,,,,,
197344,,23/07/2020,,,,,,,,,,,,,,,,,
197345,,23/07/2020,,,,,,,,,,,,,,,,,
197346,,23/07/2020,,,,,,,,,,,,,,,,,
197347,,23/07/2020,,,,,,,,,,,,,,,,,
197348,,23/07/2020,,,,,,,,,,,,,,,,,
197349,,23/07/2020,,,,,,,,,,,,,,,,,
197350,,23/07/2020,,,,,,,,,,,,,,,,,
197351,,23/07/2020,,,,,,,,,,,,,,,,,
197352,,23/07/2020,,,,,,,,,,,,,,,,,
197353,,23/07/2020,,,,,,,,,,,,,,,,,
197354,,23/07/2020,,,,,,,,,,,,,,,,,
197355,,23/07/2020,,,,,,,,,,,,,,,,,
197356,,23/07/2020,,,,,,,,,,,,,,,,,
197357,,23/07/2020,,,,,,,,,,,,,,,,,
197358,,23/07/2020,,,,,,,,,,,,,,,,,
197359,,23/07/2020,,,,,,,,,,,,,,,,,
197360,,23/07/2020,,,,,,,,,,,,,,,,,
197361,,23/07/2020,,,,,,,,,,,,,,,,,
197362,,23/07/2020,,,,,,,,,,,,,,,,,
197363,,23/07/2020,,,,,,,,,,,,,,,,,
197364,,23/07/2020,,,,,,,,,,,,,,,,,
197365,,23/07/2020,,,,,,,,,,,,,,,,,
197366,,23/07/2020,,,,,,,,,,,,,,,,,
197367,,23/07/2020,,,,,,,,,,,,,,,,,
197368,,23/07/2020,,,,,,,,,,,,,,,,,
197369,,23/07/2020,,,,,,,,,,,,,,,,,
197370,,23/07/2020,,,,,,,,,,,,,,,,,
197371,,23/07/2020,,,,,,,,,,,,,,,,,
197372,,23/07/2020,,,,,,,,,,,,,,,,,
197373,,23/07/2020,,,,,,,,,,,,,,,,,
197374,,23/07/2020,,,,,,,,,,,,,,,,,
197375,,23/07/2020,,,,,,,,,,,,,,,,,
197376,,23/07/2020,,,,,,,,,,,,,,,,,
197377,,23/07/2020,,,,,,,,,,,,,,,,,
197378,,23/07/2020,,,,,,,,,,,,,,,,,
197379,,23/07/2020,,,,,,,,,,,,,,,,,
197380,,23/07/2020,,,,,,,,,,,,,,,,,
197381,,23/07/2020,,,,,,,,,,,,,,,,,
197382,,23/07/2020,,,,,,,,,,,,,,,,,
197383,,23/07/2020,,,,,,,,,,,,,,,,,
197384,,23/07/2020,,,,,,,,,,,,,,,,,
197385,,23/07/2020,,,,,,,,,,,,,,,,,
197386,,23/07/2020,,,,,,,,,,,,,,,,,
197387,,23/07/2020,,,,,,,,,,,,,,,,,
197388,,23/07/2020,,,,,,,,,,,,,,,,,
197389,,23/07/2020,,,,,,,,,,,,,,,,,
197390,,23/07/2020,,,,,,,,,,,,,,,,,
197391,,23/07/2020,,,,,,,,,,,,,,,,,
197392,,23/07/2020,,,,,,,,,,,,,,,,,
197393,,23/07/2020,,,,,,,,,,,,,,,,,
197394,,23/07/2020,,,,,,,,,,,,,,,,,
197395,,23/07/2020,,,,,,,,,,,,,,,,,
197396,,23/07/2020,,,,,,,,,,,,,,,,,
197397,,23/07/2020,,,,,,,,,,,,,,,,,
197398,,23/07/2020,,,,,,,,,,,,,,,,,
197399,,23/07/2020,,,,,,,,,,,,,,,,,
197400,,23/07/2020,,,,,,,,,,,,,,,,,
197401,,23/07/2020,,,,,,,,,,,,,,,,,
197402,,23/07/2020,,,,,,,,,,,,,,,,,
197403,,23/07/2020,,,,,,,,,,,,,,,,,
197404,,23/07/2020,,,,,,,,,,,,,,,,,
197405,,23/07/2020,,,,,,,,,,,,,,,,,
197406,,23/07/2020,,,,,,,,,,,,,,,,,
197407,,23/07/2020,,,,,,,,,,,,,,,,,
197408,,23/07/2020,,,,,,,,,,,,,,,,,
197409,,23/07/2020,,,,,,,,,,,,,,,,,
197410,,23/07/2020,,,,,,,,,,,,,,,,,
197411,,23/07/2020,,,,,,,,,,,,,,,,,
197412,,23/07/2020,,,,,,,,,,,,,,,,,
197413,,23/07/2020,,,,,,,,,,,,,,,,,
197414,,23/07/2020,,,,,,,,,,,,,,,,,
197415,,23/07/2020,,,,,,,,,,,,,,,,,
197416,,23/07/2020,,,,,,,,,,,,,,,,,
197417,,23/07/2020,,,,,,,,,,,,,,,,,
197418,,23/07/2020,,,,,,,,,,,,,,,,,
197419,,23/07/2020,,,,,,,,,,,,,,,,,
197420,,23/07/2020,,,,,,,,,,,,,,,,,
197421,,23/07/2020,,,,,,,,,,,,,,,,,
197422,,23/07/2020,,,,,,,,,,,,,,,,,
197423,,23/07/2020,,,,,,,,,,,,,,,,,
197424,,23/07/2020,,,,,,,,,,,,,,,,,
197425,,23/07/2020,,,,,,,,,,,,,,,,,
197426,,23/07/2020,,,,,,,,,,,,,,,,,
197427,,23/07/2020,,,,,,,,,,,,,,,,,
197428,,23/07/2020,,,,,,,,,,,,,,,,,
197429,,23/07/2020,,,,,,,,,,,,,,,,,
197430,,23/07/2020,,,,,,,,,,,,,,,,,
197431,,23/07/2020,,,,,,,,,,,,,,,,,
197432,,23/07/2020,,,,,,,,,,,,,,,,,
197433,,23/07/2020,,,,,,,,,,,,,,,,,
197434,,23/07/2020,,,,,,,,,,,,,,,,,
197435,,23/07/2020,,,,,,,,,,,,,,,,,
197436,,23/07/2020,,,,,,,,,,,,,,,,,
197437,,23/07/2020,,,,,,,,,,,,,,,,,
197438,,23/07/2020,,,,,,,,,,,,,,,,,
197439,,23/07/2020,,,,,,,,,,,,,,,,,
197440,,23/07/2020,,,,,,,,,,,,,,,,,
197441,,23/07/2020,,,,,,,,,,,,,,,,,
197442,,23/07/2020,,,,,,,,,,,,,,,,,
197443,,23/07/2020,,,,,,,,,,,,,,,,,
197444,,23/07/2020,,,,,,,,,,,,,,,,,
197445,,23/07/2020,,,,,,,,,,,,,,,,,
197446,,23/07/2020,,,,,,,,,,,,,,,,,
197447,,23/07/2020,,,,,,,,,,,,,,,,,
197448,,23/07/2020,,,,,,,,,,,,,,,,,
197449,,23/07/2020,,,,,,,,,,,,,,,,,
197450,,23/07/2020,,,,,,,,,,,,,,,,,
197451,,23/07/2020,,,,,,,,,,,,,,,,,
197452,,23/07/2020,,,,,,,,,,,,,,,,,
197453,,23/07/2020,,,,,,,,,,,,,,,,,
197454,,23/07/2020,,,,,,,,,,,,,,,,,
197455,,23/07/2020,,,,,,,,,,,,,,,,,
197456,,23/07/2020,,,,,,,,,,,,,,,,,
197457,,23/07/2020,,,,,,,,,,,,,,,,,
197458,,23/07/2020,,,,,,,,,,,,,,,,,
197459,,23/07/2020,,,,,,,,,,,,,,,,,
197460,,23/07/2020,,,,,,,,,,,,,,,,,
197461,,23/07/2020,,,,,,,,,,,,,,,,,
197462,,23/07/2020,,,,,,,,,,,,,,,,,
197463,,23/07/2020,,,,,,,,,,,,,,,,,
197464,,23/07/2020,,,,,,,,,,,,,,,,,
197465,,23/07/2020,,,,,,,,,,,,,,,,,
197466,,23/07/2020,,,,,,,,,,,,,,,,,
197467,,23/07/2020,,,,,,,,,,,,,,,,,
197468,,23/07/2020,,,,,,,,,,,,,,,,,
197469,,23/07/2020,,,,,,,,,,,,,,,,,
197470,,23/07/2020,,,,,,,,,,,,,,,,,
197471,,23/07/2020,,,,,,,,,,,,,,,,,
197472,,23/07/2020,,,,,,,,,,,,,,,,,
197473,,23/07/2020,,,,,,,,,,,,,,,,,
197474,,23/07/2020,,,,,,,,,,,,,,,,,
197475,,23/07/2020,,,,,,,,,,,,,,,,,
197476,,23/07/2020,,,,,,,,,,,,,,,,,
197477,,23/07/2020,,,,,,,,,,,,,,,,,
197478,,23/07/2020,,,,,,,,,,,,,,,,,
197479,,23/07/2020,,,,,,,,,,,,,,,,,
197480,,23/07/2020,,,,,,,,,,,,,,,,,
197481,,23/07/2020,,,,,,,,,,,,,,,,,
197482,,23/07/2020,,,,,,,,,,,,,,,,,
197483,,23/07/2020,,,,,,,,,,,,,,,,,
197484,,23/07/2020,,,,,,,,,,,,,,,,,
197485,,23/07/2020,,,,,,,,,,,,,,,,,
197486,,23/07/2020,,,,,,,,,,,,,,,,,
197487,,23/07/2020,,,,,,,,,,,,,,,,,
197488,,23/07/2020,,,,,,,,,,,,,,,,,
197489,,23/07/2020,,,,,,,,,,,,,,,,,
197490,,23/07/2020,,,,,,,,,,,,,,,,,
197491,,23/07/2020,,,,,,,,,,,,,,,,,
197492,,23/07/2020,,,,,,,,,,,,,,,,,
197493,,23/07/2020,,,,,,,,,,,,,,,,,
197494,,23/07/2020,,,,,,,,,,,,,,,,,
197495,,23/07/2020,,,,,,,,,,,,,,,,,
197496,,23/07/2020,,,,,,,,,,,,,,,,,
197497,,23/07/2020,,,,,,,,,,,,,,,,,
197498,,23/07/2020,,,,,,,,,,,,,,,,,
197499,,23/07/2020,,,,,,,,,,,,,,,,,
197500,,23/07/2020,,,,,,,,,,,,,,,,,
197501,,23/07/2020,,,,,,,,,,,,,,,,,
197502,,23/07/2020,,,,,,,,,,,,,,,,,
197503,,23/07/2020,,,,,,,,,,,,,,,,,
197504,,23/07/2020,,,,,,,,,,,,,,,,,
197505,,23/07/2020,,,,,,,,,,,,,,,,,
197506,,23/07/2020,,,,,,,,,,,,,,,,,
197507,,23/07/2020,,,,,,,,,,,,,,,,,
197508,,23/07/2020,,,,,,,,,,,,,,,,,
197509,,23/07/2020,,,,,,,,,,,,,,,,,
197510,,23/07/2020,,,,,,,,,,,,,,,,,
197511,,23/07/2020,,,,,,,,,,,,,,,,,
197512,,23/07/2020,,,,,,,,,,,,,,,,,
197513,,23/07/2020,,,,,,,,,,,,,,,,,
197514,,23/07/2020,,,,,,,,,,,,,,,,,
197515,,23/07/2020,,,,,,,,,,,,,,,,,
197516,,23/07/2020,,,,,,,,,,,,,,,,,
197517,,23/07/2020,,,,,,,,,,,,,,,,,
197518,,23/07/2020,,,,,,,,,,,,,,,,,
197519,,23/07/2020,,,,,,,,,,,,,,,,,
197520,,23/07/2020,,,,,,,,,,,,,,,,,
197521,,23/07/2020,,,,,,,,,,,,,,,,,
197522,,23/07/2020,,,,,,,,,,,,,,,,,
197523,,23/07/2020,,,,,,,,,,,,,,,,,
197524,,23/07/2020,,,,,,,,,,,,,,,,,
197525,,23/07/2020,,,,,,,,,,,,,,,,,
197526,,23/07/2020,,,,,,,,,,,,,,,,,
197527,,23/07/2020,,,,,,,,,,,,,,,,,
197528,,23/07/2020,,,,,,,,,,,,,,,,,
197529,,23/07/2020,,,,,,,,,,,,,,,,,
197530,,23/07/2020,,,,,,,,,,,,,,,,,
197531,,23/07/2020,,,,,,,,,,,,,,,,,
197532,,23/07/2020,,,,,,,,,,,,,,,,,
197533,,23/07/2020,,,,,,,,,,,,,,,,,
197534,,23/07/2020,,,,,,,,,,,,,,,,,
197535,,23/07/2020,,,,,,,,,,,,,,,,,
197536,,23/07/2020,,,,,,,,,,,,,,,,,
197537,,23/07/2020,,,,,,,,,,,,,,,,,
197538,,23/07/2020,,,,,,,,,,,,,,,,,
197539,,23/07/2020,,,,,,,,,,,,,,,,,
197540,,23/07/2020,,,,,,,,,,,,,,,,,
197541,,23/07/2020,,,,,,,,,,,,,,,,,
197542,,23/07/2020,,,,,,,,,,,,,,,,,
197543,,23/07/2020,,,,,,,,,,,,,,,,,
197544,,23/07/2020,,,,,,,,,,,,,,,,,
197545,,23/07/2020,,,,,,,,,,,,,,,,,
197546,,23/07/2020,,,,,,,,,,,,,,,,,
197547,,23/07/2020,,,,,,,,,,,,,,,,,
197548,,23/07/2020,,,,,,,,,,,,,,,,,
197549,,23/07/2020,,,,,,,,,,,,,,,,,
197550,,23/07/2020,,,,,,,,,,,,,,,,,
197551,,23/07/2020,,,,,,,,,,,,,,,,,
197552,,23/07/2020,,,,,,,,,,,,,,,,,
197553,,23/07/2020,,,,,,,,,,,,,,,,,
197554,,23/07/2020,,,,,,,,,,,,,,,,,
197555,,23/07/2020,,,,,,,,,,,,,,,,,
197556,,23/07/2020,,,,,,,,,,,,,,,,,
197557,,23/07/2020,,,,,,,,,,,,,,,,,
197558,,23/07/2020,,,,,,,,,,,,,,,,,
197559,,23/07/2020,,,,,,,,,,,,,,,,,
197560,,23/07/2020,,,,,,,,,,,,,,,,,
197561,,23/07/2020,,,,,,,,,,,,,,,,,
197562,,23/07/2020,,,,,,,,,,,,,,,,,
197563,,23/07/2020,,,,,,,,,,,,,,,,,
197564,,23/07/2020,,,,,,,,,,,,,,,,,
197565,,23/07/2020,,,,,,,,,,,,,,,,,
197566,,23/07/2020,,,,,,,,,,,,,,,,,
197567,,23/07/2020,,,,,,,,,,,,,,,,,
197568,,23/07/2020,,,,,,,,,,,,,,,,,
197569,,23/07/2020,,,,,,,,,,,,,,,,,
197570,,23/07/2020,,,,,,,,,,,,,,,,,
197571,,23/07/2020,,,,,,,,,,,,,,,,,
197572,,23/07/2020,,,,,,,,,,,,,,,,,
197573,,23/07/2020,,,,,,,,,,,,,,,,,
197574,,23/07/2020,,,,,,,,,,,,,,,,,
197575,,23/07/2020,,,,,,,,,,,,,,,,,
197576,,23/07/2020,,,,,,,,,,,,,,,,,
197577,,23/07/2020,,,,,,,,,,,,,,,,,
197578,,23/07/2020,,,,,,,,,,,,,,,,,
197579,,23/07/2020,,,,,,,,,,,,,,,,,
197580,,23/07/2020,,,,,,,,,,,,,,,,,
197581,,23/07/2020,,,,,,,,,,,,,,,,,
197582,,23/07/2020,,,,,,,,,,,,,,,,,
197583,,23/07/2020,,,,,,,,,,,,,,,,,
197584,,23/07/2020,,,,,,,,,,,,,,,,,
197585,,23/07/2020,,,,,,,,,,,,,,,,,
197586,,23/07/2020,,,,,,,,,,,,,,,,,
197587,,23/07/2020,,,,,,,,,,,,,,,,,
197588,,23/07/2020,,,,,,,,,,,,,,,,,
197589,,23/07/2020,,,,,,,,,,,,,,,,,
197590,,23/07/2020,,,,,,,,,,,,,,,,,
197591,,23/07/2020,,,,,,,,,,,,,,,,,
197592,,23/07/2020,,,,,,,,,,,,,,,,,
197593,,23/07/2020,,,,,,,,,,,,,,,,,
197594,,23/07/2020,,,,,,,,,,,,,,,,,
197595,,23/07/2020,,,,,,,,,,,,,,,,,
197596,,23/07/2020,,,,,,,,,,,,,,,,,
197597,,23/07/2020,,,,,,,,,,,,,,,,,
197598,,23/07/2020,,,,,,,,,,,,,,,,,
197599,,23/07/2020,,,,,,,,,,,,,,,,,
197600,,23/07/2020,,,,,,,,,,,,,,,,,
197601,,23/07/2020,,,,,,,,,,,,,,,,,
197602,,23/07/2020,,,,,,,,,,,,,,,,,
197603,,23/07/2020,,,,,,,,,,,,,,,,,
197604,,23/07/2020,,,,,,,,,,,,,,,,,
197605,,23/07/2020,,,,,,,,,,,,,,,,,
197606,,23/07/2020,,,,,,,,,,,,,,,,,
197607,,23/07/2020,,,,,,,,,,,,,,,,,
197608,,23/07/2020,,,,,,,,,,,,,,,,,
197609,,23/07/2020,,,,,,,,,,,,,,,,,
197610,,23/07/2020,,,,,,,,,,,,,,,,,
197611,,23/07/2020,,,,,,,,,,,,,,,,,
197612,,23/07/2020,,,,,,,,,,,,,,,,,
197613,,23/07/2020,,,,,,,,,,,,,,,,,
197614,,23/07/2020,,,,,,,,,,,,,,,,,
197615,,23/07/2020,,,,,,,,,,,,,,,,,
197616,,23/07/2020,,,,,,,,,,,,,,,,,
197617,,23/07/2020,,,,,,,,,,,,,,,,,
197618,,23/07/2020,,,,,,,,,,,,,,,,,
197619,,23/07/2020,,,,,,,,,,,,,,,,,
197620,,23/07/2020,,,,,,,,,,,,,,,,,
197621,,23/07/2020,,,,,,,,,,,,,,,,,
197622,,23/07/2020,,,,,,,,,,,,,,,,,
197623,,23/07/2020,,,,,,,,,,,,,,,,,
197624,,23/07/2020,,,,,,,,,,,,,,,,,
197625,,23/07/2020,,,,,,,,,,,,,,,,,
197626,,23/07/2020,,,,,,,,,,,,,,,,,
197627,,23/07/2020,,,,,,,,,,,,,,,,,
197628,,23/07/2020,,,,,,,,,,,,,,,,,
197629,,23/07/2020,,,,,,,,,,,,,,,,,
197630,,23/07/2020,,,,,,,,,,,,,,,,,
197631,,23/07/2020,,,,,,,,,,,,,,,,,
197632,,23/07/2020,,,,,,,,,,,,,,,,,
197633,,23/07/2020,,,,,,,,,,,,,,,,,
197634,,23/07/2020,,,,,,,,,,,,,,,,,
197635,,23/07/2020,,,,,,,,,,,,,,,,,
197636,,23/07/2020,,,,,,,,,,,,,,,,,
197637,,23/07/2020,,,,,,,,,,,,,,,,,
197638,,23/07/2020,,,,,,,,,,,,,,,,,
197639,,23/07/2020,,,,,,,,,,,,,,,,,
197640,,23/07/2020,,,,,,,,,,,,,,,,,
197641,,23/07/2020,,,,,,,,,,,,,,,,,
197642,,23/07/2020,,,,,,,,,,,,,,,,,
197643,,23/07/2020,,,,,,,,,,,,,,,,,
197644,,23/07/2020,,,,,,,,,,,,,,,,,
197645,,23/07/2020,,,,,,,,,,,,,,,,,
197646,,23/07/2020,,,,,,,,,,,,,,,,,
197647,,23/07/2020,,,,,,,,,,,,,,,,,
197648,,23/07/2020,,,,,,,,,,,,,,,,,
197649,,23/07/2020,,,,,,,,,,,,,,,,,
197650,,23/07/2020,,,,,,,,,,,,,,,,,
197651,,23/07/2020,,,,,,,,,,,,,,,,,
197652,,23/07/2020,,,,,,,,,,,,,,,,,
197653,,23/07/2020,,,,,,,,,,,,,,,,,
197654,,23/07/2020,,,,,,,,,,,,,,,,,
197655,,23/07/2020,,,,,,,,,,,,,,,,,
197656,,23/07/2020,,,,,,,,,,,,,,,,,
197657,,23/07/2020,,,,,,,,,,,,,,,,,
197658,,23/07/2020,,,,,,,,,,,,,,,,,
197659,,23/07/2020,,,,,,,,,,,,,,,,,
197660,,23/07/2020,,,,,,,,,,,,,,,,,
197661,,23/07/2020,,,,,,,,,,,,,,,,,
197662,,23/07/2020,,,,,,,,,,,,,,,,,
197663,,23/07/2020,,,,,,,,,,,,,,,,,
197664,,23/07/2020,,,,,,,,,,,,,,,,,
197665,,23/07/2020,,,,,,,,,,,,,,,,,
197666,,23/07/2020,,,,,,,,,,,,,,,,,
197667,,23/07/2020,,,,,,,,,,,,,,,,,
197668,,23/07/2020,,,,,,,,,,,,,,,,,
197669,,23/07/2020,,,,,,,,,,,,,,,,,
197670,,23/07/2020,,,,,,,,,,,,,,,,,
197671,,23/07/2020,,,,,,,,,,,,,,,,,
197672,,23/07/2020,,,,,,,,,,,,,,,,,
197673,,23/07/2020,,,,,,,,,,,,,,,,,
197674,,23/07/2020,,,,,,,,,,,,,,,,,
197675,,23/07/2020,,,,,,,,,,,,,,,,,
197676,,23/07/2020,,,,,,,,,,,,,,,,,
197677,,23/07/2020,,,,,,,,,,,,,,,,,
197678,,23/07/2020,,,,,,,,,,,,,,,,,
197679,,23/07/2020,,,,,,,,,,,,,,,,,
197680,,23/07/2020,,,,,,,,,,,,,,,,,
197681,,23/07/2020,,,,,,,,,,,,,,,,,
197682,,23/07/2020,,,,,,,,,,,,,,,,,
197683,,23/07/2020,,,,,,,,,,,,,,,,,
197684,,23/07/2020,,,,,,,,,,,,,,,,,
197685,,23/07/2020,,,,,,,,,,,,,,,,,
197686,,23/07/2020,,,,,,,,,,,,,,,,,
197687,,23/07/2020,,,,,,,,,,,,,,,,,
197688,,23/07/2020,,,,,,,,,,,,,,,,,
197689,,23/07/2020,,,,,,,,,,,,,,,,,
197690,,23/07/2020,,,,,,,,,,,,,,,,,
197691,,23/07/2020,,,,,,,,,,,,,,,,,
197692,,23/07/2020,,,,,,,,,,,,,,,,,
197693,,23/07/2020,,,,,,,,,,,,,,,,,
197694,,23/07/2020,,,,,,,,,,,,,,,,,
197695,,23/07/2020,,,,,,,,,,,,,,,,,
197696,,23/07/2020,,,,,,,,,,,,,,,,,
197697,,23/07/2020,,,,,,,,,,,,,,,,,
197698,,23/07/2020,,,,,,,,,,,,,,,,,
197699,,23/07/2020,,,,,,,,,,,,,,,,,
197700,,23/07/2020,,,,,,,,,,,,,,,,,
197701,,23/07/2020,,,,,,,,,,,,,,,,,
197702,,23/07/2020,,,,,,,,,,,,,,,,,
197703,,23/07/2020,,,,,,,,,,,,,,,,,
197704,,23/07/2020,,,,,,,,,,,,,,,,,
197705,,23/07/2020,,,,,,,,,,,,,,,,,
197706,,23/07/2020,,,,,,,,,,,,,,,,,
197707,,23/07/2020,,,,,,,,,,,,,,,,,
197708,,23/07/2020,,,,,,,,,,,,,,,,,
197709,,23/07/2020,,,,,,,,,,,,,,,,,
197710,,23/07/2020,,,,,,,,,,,,,,,,,
197711,,23/07/2020,,,,,,,,,,,,,,,,,
197712,,23/07/2020,,,,,,,,,,,,,,,,,
197713,,23/07/2020,,,,,,,,,,,,,,,,,
197714,,23/07/2020,,,,,,,,,,,,,,,,,
197715,,23/07/2020,,,,,,,,,,,,,,,,,
197716,,23/07/2020,,,,,,,,,,,,,,,,,
197717,,23/07/2020,,,,,,,,,,,,,,,,,
197718,,23/07/2020,,,,,,,,,,,,,,,,,
197719,,23/07/2020,,,,,,,,,,,,,,,,,
197720,,23/07/2020,,,,,,,,,,,,,,,,,
197721,,23/07/2020,,,,,,,,,,,,,,,,,
197722,,23/07/2020,,,,,,,,,,,,,,,,,
197723,,23/07/2020,,,,,,,,,,,,,,,,,
197724,,23/07/2020,,,,,,,,,,,,,,,,,
197725,,23/07/2020,,,,,,,,,,,,,,,,,
197726,,23/07/2020,,,,,,,,,,,,,,,,,
197727,,23/07/2020,,,,,,,,,,,,,,,,,
197728,,23/07/2020,,,,,,,,,,,,,,,,,
197729,,23/07/2020,,,,,,,,,,,,,,,,,
197730,,23/07/2020,,,,,,,,,,,,,,,,,
197731,,23/07/2020,,,,,,,,,,,,,,,,,
197732,,23/07/2020,,,,,,,,,,,,,,,,,
197733,,23/07/2020,,,,,,,,,,,,,,,,,
197734,,23/07/2020,,,,,,,,,,,,,,,,,
197735,,23/07/2020,,,,,,,,,,,,,,,,,
197736,,23/07/2020,,,,,,,,,,,,,,,,,
197737,,23/07/2020,,,,,,,,,,,,,,,,,
197738,,23/07/2020,,,,,,,,,,,,,,,,,
197739,,23/07/2020,,,,,,,,,,,,,,,,,
197740,,23/07/2020,,,,,,,,,,,,,,,,,
197741,,23/07/2020,,,,,,,,,,,,,,,,,
197742,,23/07/2020,,,,,,,,,,,,,,,,,
197743,,23/07/2020,,,,,,,,,,,,,,,,,
197744,,23/07/2020,,,,,,,,,,,,,,,,,
197745,,23/07/2020,,,,,,,,,,,,,,,,,
197746,,23/07/2020,,,,,,,,,,,,,,,,,
197747,,23/07/2020,,,,,,,,,,,,,,,,,
197748,,23/07/2020,,,,,,,,,,,,,,,,,
197749,,23/07/2020,,,,,,,,,,,,,,,,,
197750,,23/07/2020,,,,,,,,,,,,,,,,,
197751,,23/07/2020,,,,,,,,,,,,,,,,,
197752,,23/07/2020,,,,,,,,,,,,,,,,,
197753,,23/07/2020,,,,,,,,,,,,,,,,,
197754,,23/07/2020,,,,,,,,,,,,,,,,,
197755,,23/07/2020,,,,,,,,,,,,,,,,,
197756,,23/07/2020,,,,,,,,,,,,,,,,,
197757,,23/07/2020,,,,,,,,,,,,,,,,,
197758,,23/07/2020,,,,,,,,,,,,,,,,,
197759,,23/07/2020,,,,,,,,,,,,,,,,,
197760,,23/07/2020,,,,,,,,,,,,,,,,,
197761,,23/07/2020,,,,,,,,,,,,,,,,,
197762,,23/07/2020,,,,,,,,,,,,,,,,,
197763,,23/07/2020,,,,,,,,,,,,,,,,,
197764,,23/07/2020,,,,,,,,,,,,,,,,,
197765,,23/07/2020,,,,,,,,,,,,,,,,,
197766,,23/07/2020,,,,,,,,,,,,,,,,,
197767,,23/07/2020,,,,,,,,,,,,,,,,,